"Run Number","Policy Number","Policy Reference","Regular Premium Currency","Regular Premium Frequency Code","Regular Premium Frequency Desc","Regular Premium Amount","Total Outstanding","Premium Status Description","Oldest Outstanding Premium Dte","Latest Outstanding Premium Dte","Next Due Date","Last Premium Paid Date","Premium Holiday Option","Escalation","Count Of Outstanding Premiums"
453739,2104865,"","USD",12,"Monthly",0.00,0.00,"Paid","","","","030215","NO","",0
453739,2105439,"","GBP",99,"Single Payment",0.00,0.00,"Paid","","","","291116","NO","",0
453739,2108624,"A035337047","USD",99,"Single Payment",0.00,0.00,"Paid","","","","121017","NO","",0
453739,2129973,"","USD",12,"Monthly",0.00,0.00,"paid","","","","041015","NO","",0
453739,2134561,"","USD",12,"Monthly",700.00,0.00,"Paid to Date","202312","","","311023","NO","",0
453739,2138876,"","EUR",12,"Monthly",571.00,0.00,"Paid to Date","202311","","","201023","NO","",0
453739,2140098,"","USD",99,"Single Payment",0.00,0.00,"Paid","","","","260513","NO","",0
453739,2144809,"","USD",12,"Monthly",325.00,0.00,"Paid to Date","202311","","","301023","NO","",0
453739,2144817,"","USD",12,"Monthly",500.00,0.00,"Paid to Date","202311","","","011123","NO","",0
453739,2144884,"","USD",12,"Monthly",1000.00,0.00,"Paid to Date","","","","120623","NO","",0
453739,2145945,"","USD",12,"Monthly",655.00,0.00,"Paid to Date","202312","","","011123","NO","",0
453739,2148642,"","EUR",12,"Monthly",351.00,0.00,"Paid to Date","202312","","","011123","NO","",0
453739,2160610,"R1J31QID","USD",12,"Monthly",850.00,0.00,"Paid to Date","202312","","","011123","NO","",0
453739,2163188,"YYUAKLEH","USD",12,"Monthly",833.00,0.00,"Paid to Date","202311","","","060923","NO","",0
453739,2173921,"A026341537","USD",12,"Monthly",0.00,0.00,"Paid","","","","171115","NO","",0
453739,2174154,"","USD",99,"Single Payment",0.00,0.00,"Paid","","","","220114","NO","",0
453739,2176921,"A021046321","USD",99,"Single Payment",0.00,0.00,"Paid","","","","010415","NO","",0
453739,2177668,"A030205595","USD",12,"Monthly",0.00,0.00,"Paid","","","","010818","NO","",0
453739,2180766,"A011528320","USD",12,"Monthly",0.00,0.00,"paid","","","","270917","NO","",0
453739,2180774,"A011528320","USD",12,"Monthly",0.00,0.00,"paid","","","","011017","NO","",0
453739,2180791,"A011528320","USD",12,"Monthly",0.00,0.00,"paid","","","","270917","NO","",0
453739,3027299,"","USD",0,"",0.00,0.00,"Lapse","","","","250521","N/A","",0
453739,3032740,"","USD",12,"Monthly",92.77,0.00,"Premium Due","202310","","","051023","NO","",0
453739,3035594,"","USD",12,"Monthly",417.28,0.00,"Paid to Date","202311","","","231023","NO","",0
453739,3048530,"","USD",1,"Annual",3257.46,0.00,"Lapse","","","","200720","N/A","",0
453739,3053601,"","USD",12,"Monthly",362.16,0.00,"Lapse","","","","081017","N/A","",0
453739,3053862,"","USD",12,"Monthly",126.41,0.00,"Paid to Date","202311","","","311023","NO","",0
453739,3055599,"","USD",12,"Monthly",76.53,0.00,"Lapse","","","","260721","N/A","",0
453739,3055768,"","GBP",12,"Monthly",138.00,0.00,"Lapse","","","","210417","N/A","",0
453739,3057435,"","USD",12,"Monthly",156.85,0.00,"Paid to Date","202312","","","011123","NO","",0
453739,3058148,"","USD",12,"Monthly",213.96,0.00,"Paid to Date","202311","","","101023","NO","",0
453739,3060155,"","USD",12,"Monthly",231.81,0.00,"Lapse","","","","030517","N/A","",0
453739,3060450,"A025761149","AED",12,"Monthly",898.67,0.00,"Lapse","","","","060323","N/A","",0
453739,3062382,"","AED",12,"Monthly",3493.03,0.00,"Lapse","","","","200219","N/A","",0
453739,3062390,"","AED",12,"Monthly",918.72,0.00,"Lapse","","","","200219","N/A","",0
453739,3062701,"","USD",12,"Monthly",136.00,0.00,"Lapse","","","","260617","N/A","",0
453739,3062825,"","USD",12,"Monthly",149.76,0.00,"Lapse","","","","170723","N/A","",0
453739,3063763,"","USD",1,"Annual",568.09,0.00,"Lapse","","","","050820","N/A","",0
453739,3066832,"","GBP",12,"Monthly",388.83,0.00,"Lapse","","","","250917","N/A","",0
453739,3069838,"","USD",12,"Monthly",348.32,0.00,"Paid to Date","202311","","","271023","NO","",0
453739,3069879,"","USD",12,"Monthly",390.42,0.00,"Paid to Date","202311","","","271023","NO","",0
453739,3100717,"A011673803","USD",12,"Monthly",385.43,0.00,"Lapse","","","","031021","N/A","",0
453739,3101495,"","USD",12,"Monthly",199.34,0.00,"Lapse","","","","020920","N/A","",0
453739,3101657,"","USD",12,"Monthly",146.72,0.00,"Premium Due","202310","","","011123","NO","",0
453739,3101878,"","GBP",12,"Monthly",111.16,0.00,"Lapse","","","","240321","N/A","",0
453739,3103855,"","AED",12,"Monthly",118.17,0.00,"Paid to Date","202311","","","051023","NO","",0
453739,3103938,"","USD",12,"Monthly",271.74,271.74,"Outstanding","202309","","","011123","NO","",1
453739,3104789,"","AED",12,"Monthly",153.01,0.00,"Paid to Date","202311","","","051023","NO","",0
453739,3105787,"","USD",12,"Monthly",38.20,0.00,"Lapse","","","","290821","N/A","",0
453739,3105949,"","USD",12,"Monthly",91.14,0.00,"Lapse","","","","200123","N/A","",0
453739,3106475,"","USD",12,"Monthly",592.31,0.00,"Paid to Date","202311","","","301023","NO","",0
453739,3106611,"","USD",12,"Monthly",506.54,0.00,"Premium Due","202310","","","021023","NO","",0
453739,3106668,"","AED",12,"Monthly",716.67,0.00,"Lapse","","","","130518","N/A","",0
453739,3106856,"","EUR",12,"Monthly",66.22,0.00,"Paid to Date","202312","","","011123","NO","",0
453739,3108768,"","AED",12,"Monthly",355.27,0.00,"Lapse","","","","040821","N/A","",0
453739,3110030,"","USD",12,"Monthly",86.91,0.00,"Paid to Date","202311","","","271023","NO","",0
453739,3112970,"","AED",12,"Monthly",716.67,0.00,"Paid to Date","202311","","","051023","NO","",0
453739,3113353,"","USD",12,"Monthly",271.83,0.00,"Lapse","","","","010818","N/A","",0
453739,3113561,"","USD",12,"Monthly",114.45,0.00,"Paid to Date","202311","","","011123","NO","",0
453739,3114059,"","AED",12,"Monthly",683.87,0.00,"Paid to Date","202311","","","051023","NO","",0
453739,3115122,"","USD",12,"Monthly",36.83,0.00,"Paid to Date","202312","","","011123","NO","",0
453739,3115227,"","USD",12,"Monthly",146.71,0.00,"Paid to Date","202311","","","011123","NO","",0
453739,3115631,"","USD",12,"Monthly",96.13,0.00,"Paid to Date","202312","","","241023","NO","",0
453739,3116620,"","GBP",12,"Monthly",90.11,0.00,"Lapse","","","","240419","N/A","",0
453739,3117015,"","AED",12,"Monthly",204.85,0.00,"Lapse","","","","070721","N/A","",0
453739,3119301,"","USD",12,"Monthly",190.61,0.00,"Lapse","","","","041217","N/A","",0
453739,3119351,"","USD",12,"Monthly",307.74,0.00,"Paid to Date","202311","","","051023","NO","",0
453739,3120214,"DWMHZ9OB","USD",12,"Monthly",231.38,0.00,"Paid to Date","202312","","","200923","NO","",0
453739,3121348,"","USD",12,"Monthly",113.58,0.00,"Paid to Date","202311","","","201023","NO","",0
453739,3121470,"","USD",12,"Monthly",199.34,0.00,"Lapse","","","","010821","N/A","",0
453739,3122022,"KDEU7NM8","USD",12,"Monthly",275.93,0.00,"Paid to Date","202311","","","051023","NO","",0
453739,3123245,"","USD",12,"Monthly",108.27,0.00,"Paid to Date","202312","","","231023","NO","",0
453739,3123335,"","GBP",12,"Monthly",396.99,0.00,"Paid to Date","202312","","","011123","NO","",0
453739,3123592,"238CXOXP","USD",12,"Monthly",141.50,0.00,"Premium Due","202310","","","091023","NO","",0
453739,3123821,"","USD",12,"Monthly",67.53,0.00,"Lapse","","","","240717","N/A","",0
453739,3123928,"","USD",12,"Monthly",270.41,0.00,"Lapse","","","","290422","N/A","",0
453739,3123995,"","USD",12,"Monthly",74.32,0.00,"Lapse","","","","290422","N/A","",0
453739,3124610,"1OS8DY92","USD",12,"Monthly",91.46,0.00,"Premium Due","202310","","","270923","NO","",0
453739,3125289,"","USD",12,"Monthly",109.68,0.00,"Paid to Date","202311","","","041023","NO","",0
453739,3126617,"","USD",12,"Monthly",180.57,0.00,"Lapse","","","","020920","N/A","",0
453739,3129768,"2LJP02RY","USD",12,"Monthly",92.34,0.00,"Paid to Date","202312","","","031023","NO","",0
453739,3130896,"","USD",12,"Monthly",280.00,0.00,"Paid to Date","202312","","","011123","NO","",0
453739,3130918,"","USD",12,"Monthly",74.97,0.00,"Paid to Date","202312","","","011123","NO","",0
453739,3131692,"GN41IQNQ","USD",12,"Monthly",186.12,0.00,"Paid to Date","202311","","","091023","NO","",0
453739,3133012,"","USD",12,"Monthly",41.26,0.00,"Paid to Date","202312","","","011123","NO","",0
453739,3139168,"","USD",12,"Monthly",145.56,0.00,"Lapse","","","","010523","N/A","",0
453739,3139271,"","USD",12,"Monthly",99.89,0.00,"Premium Due","202310","","","161023","NO","",0
453739,3143651,"","USD",12,"Monthly",258.39,0.00,"Lapse","","","","010420","N/A","",0
453739,3144308,"","USD",12,"Monthly",340.32,0.00,"Paid to Date","202311","","","011123","NO","",0
453739,3147070,"","USD",12,"Monthly",1083.71,0.00,"Lapse","","","","161120","N/A","",0
453739,3147853,"","USD",12,"Monthly",81.26,0.00,"Paid to Date","202311","","","091023","NO","",0
453739,3148789,"NZX7P0ZK","USD",12,"Monthly",87.63,87.63,"Outstanding","202309","","","070823","NO","",1
453739,3151030,"2LJ5B82D","GBP",12,"Monthly",95.71,0.00,"Paid to Date","202311","","","211023","NO","",0
453739,3151264,"","USD",12,"Monthly",171.87,0.00,"Paid to Date","202311","","","261023","NO","",0
453739,3151999,"","USD",12,"Monthly",2456.99,0.00,"Lapse","","","","180820","N/A","",0
453739,3156184,"","USD",12,"Monthly",313.88,0.00,"Lapse","","","","040121","N/A","",0
453739,3156770,"","USD",12,"Monthly",174.22,0.00,"Lapse","","","","020922","N/A","",0
453739,3157130,"","GBP",12,"Monthly",143.09,0.00,"Lapse","","","","200417","N/A","",0
453739,3159275,"","USD",12,"Monthly",597.75,0.00,"Paid to Date","202312","","","241023","NO","",0
453739,3160182,"","USD",12,"Monthly",168.78,0.00,"Lapse","","","","240821","N/A","",0
453739,3160786,"","USD",12,"Monthly",199.75,0.00,"Lapse","","","","240821","N/A","",0
453739,3161245,"M98RFZ7N","USD",12,"Monthly",123.66,123.66,"Outstanding","202309","","","290823","NO","",1
453739,3161404,"","USD",12,"Monthly",199.94,0.00,"Lapse","","","","010817","N/A","",0
453739,3162004,"CZNQTIX8","USD",12,"Monthly",95.45,95.45,"Outstanding","202309","","","290823","NO","",1
453739,3163474,"","USD",12,"Monthly",92.00,0.00,"Lapse","","","","070817","N/A","",0
453739,3163583,"","GBP",12,"Monthly",253.97,253.97,"Outstanding","202309","","","180723","NO","",1
453739,3164423,"","USD",12,"Monthly",278.74,0.00,"Paid to Date","","","","230822","NO","",0
453739,3167121,"","USD",12,"Monthly",178.33,0.00,"Paid to Date","202312","","","301023","NO","",0
453739,3167130,"","USD",1,"Annual",822.65,0.00,"Paid to Date","","","","010823","NO","",0
453739,3169263,"","USD",12,"Monthly",107.24,0.00,"Paid to Date","202312","","","011123","NO","",0
453739,3173861,"","USD",12,"Monthly",364.25,0.00,"Paid to Date","202311","","","051023","NO","",0
453739,3175857,"","USD",12,"Monthly",343.34,0.00,"Paid to Date","202311","","","091023","NO","",0
453739,3175981,"","USD",12,"Monthly",230.12,0.00,"Premium Due","202310","","","041023","NO","",0
453739,3176349,"","USD",12,"Monthly",131.16,0.00,"Paid to Date","202311","","","250923","NO","",0
453739,3179249,"","EUR",12,"Monthly",143.40,0.00,"Paid to Date","202311","","","271023","NO","",0
453739,3180212,"","USD",12,"Monthly",77.87,0.00,"Paid to Date","202311","","","051023","NO","",0
453739,3182313,"","USD",12,"Monthly",135.78,0.00,"Premium Due","202310","","","301023","NO","",0
453739,3182323,"","USD",12,"Monthly",220.04,0.00,"Paid to Date","202311","","","301023","NO","",0
453739,3183240,"","AED",1,"Annual",33039.61,0.00,"Paid to Date","","","","060723","NO","",0
453739,3183647,"","USD",12,"Monthly",116.34,0.00,"Premium Due","202310","","","101023","NO","",0
453739,3183753,"","USD",12,"Monthly",158.60,0.00,"Lapse","","","","300522","N/A","",0
453739,3183787,"","USD",12,"Monthly",67.39,0.00,"Lapse","","","","300522","N/A","",0
453739,3185615,"","EUR",12,"Monthly",65.48,0.00,"Paid to Date","202311","","","301023","NO","",0
453739,3186010,"","USD",12,"Monthly",149.22,0.00,"Paid to Date","202312","","","241023","NO","",0
453739,3186231,"","AED",12,"Monthly",158.85,0.00,"Paid to Date","202311","","","061023","NO","",0
453739,3186255,"","USD",12,"Monthly",116.42,0.00,"Lapse","","","","010921","N/A","",0
453739,3186272,"","GBP",12,"Monthly",103.53,0.00,"Paid to Date","202311","","","101023","NO","",0
453739,3186320,"","GBP",12,"Monthly",252.96,0.00,"Paid to Date","202311","","","101023","NO","",0
453739,3186328,"","USD",12,"Monthly",52.63,0.00,"Lapse","","","","010921","N/A","",0
453739,3187023,"","USD",12,"Monthly",78.43,0.00,"Premium Due","202310","","","051023","NO","",0
453739,3187073,"","USD",12,"Monthly",400.94,0.00,"Paid to Date","202311","","","021023","NO","",0
453739,3187270,"","USD",12,"Monthly",88.18,0.00,"Paid to Date","202312","","","241023","NO","",0
453739,3188313,"","USD",12,"Monthly",292.09,0.00,"Paid to Date","202311","","","011123","NO","",0
453739,3189247,"","USD",12,"Monthly",175.66,0.00,"Paid to Date","","","","171023","NO","",0
453739,3189255,"","USD",12,"Monthly",165.92,165.92,"Outstanding","202309","","","171023","NO","",1
453739,3191004,"","USD",12,"Monthly",108.73,0.00,"Lapse","","","","020323","N/A","",0
453739,3191013,"","USD",12,"Monthly",78.46,0.00,"Paid to Date","202312","","","011123","NO","",0
453739,3191372,"","AED",1,"Annual",1953.58,0.00,"Lapse","","","","141021","N/A","",0
453739,3195769,"","USD",12,"Monthly",146.40,0.00,"Paid to Date","202311","","","011123","NO","",0
453739,3195858,"","GBP",12,"Monthly",174.84,0.00,"Paid to Date","202312","","","011123","NO","",0
453739,3197778,"","GBP",12,"Monthly",109.43,0.00,"Lapse","","","","010922","N/A","",0
453739,5226083,"PICAD03/06","USD",12,"Monthly",1000.00,0.00,"Paid to Date","","","","281216","NO","",0
453739,5234752,"GBE154/07","USD",12,"Monthly",500.00,0.00,"Paid to Date","","","","060817","NO","",0
453739,5235198,"PIC198/07","USD",12,"Monthly",300.00,0.00,"Paid to Date","","","","240419","NO","",0
453739,5239339,"PIC250/07","USD",12,"Monthly",600.00,0.00,"Paid to Date","202311","","","161023","NO","",0
453739,5252873,"V30081","USD",12,"Monthly",2000.00,0.00,"Paid to Date","","","","150216","NO","",0
453739,5255602,"PIC307/08","USD",12,"Monthly",2000.00,0.00,"Paid to Date","202311","","","301023","NO","",0
453739,5256268,"","USD",4,"Quarterly",10000.00,0.00,"Paid to Date","202311","","","150823","NO","",0
453739,5259712,"PIC398/08","USD",12,"Monthly",300.00,0.00,"Paid to Date","202311","","","011123","NO","",0
453739,5263604,"","USD",12,"Monthly",300.00,0.00,"Paid to Date","","","","010321","NO","",0
453739,5267197,"PIC570/09","USD",12,"Monthly",2000.00,0.00,"Paid to Date","","","","050218","NO","",0
453739,5312230,"SEF12320","USD",0,"",0.00,0.00,"Paid to Date","","","","241019","NO","",0
453739,5710473,"","USD",12,"Monthly",710.00,0.00,"Paid to Date","","","","040117","NO","",0
453739,5714946,"GIB19/07","USD",12,"Monthly",256.00,0.00,"Paid to Date","202311","","","031023","NO","",0
453739,5716158,"ACM60/07","USD",12,"Monthly",3662.00,0.00,"Paid to Date","","","","210417","NO","",0
453739,5720632,"F17992","USD",12,"Monthly",200.00,0.00,"Paid to Date","","","","170814","NO","",0
453739,5724047,"8901635","USD",12,"Monthly",654.00,0.00,"Paid to Date","","","","040722","NO","",0
453739,6201993,"","USD",12,"Monthly",522.00,0.00,"Paid to Date","202311","","","201023","NO","",0
453739,6202553,"","USD",12,"Monthly",150.00,0.00,"Premium Due","202310","","","301023","NO","",0
453739,6202685,"","USD",12,"Monthly",150.00,0.00,"Paid to Date","202311","","","301023","NO","",0
453739,6203044,"A020464186","USD",12,"Monthly",593.00,0.00,"Lapse","","","","110517","N/A","",0
453739,6203304,"","USD",12,"Monthly",582.16,0.00,"Paid to Date","202311","","","101023","NO","",0
453739,6203674,"","USD",12,"Monthly",221.00,0.00,"Paid to Date","202311","","","051023","NO","",0
453739,6203748,"","USD",12,"Monthly",195.00,0.00,"Paid to Date","202311","","","301023","NO","",0
453739,6203784,"","USD",12,"Monthly",653.31,0.00,"Paid to Date","","","","260921","NO","",0
453739,6205181,"","USD",12,"Monthly",911.00,0.00,"Paid to Date","202311","","","301023","NO","",0
453739,6206871,"","USD",12,"Monthly",441.00,0.00,"Premium Due","202310","","","041023","NO","",0
453739,6207313,"","GBP",12,"Monthly",327.07,327.07,"Outstanding","202309","","","280923","NO","",1
453739,6207376,"","USD",12,"Monthly",663.00,0.00,"Paid to Date","202311","","","251023","NO","",0
453739,6207670,"","USD",12,"Monthly",510.00,0.00,"Premium Due","202310","","","191023","NO","",0
453739,6208135,"","GBP",12,"Monthly",241.00,0.00,"Paid to Date","202312","","","241023","NO","",0
453739,6211944,"","USD",12,"Monthly",1511.00,0.00,"Paid to Date","202311","","","031023","NO","",0
453739,6212984,"","USD",12,"Monthly",1769.00,0.00,"Lapse","","","","160420","N/A","",0
453739,6213198,"","USD",12,"Monthly",180.00,180.00,"Outstanding","202309","","","271023","NO","",1
453739,6215123,"","USD",12,"Monthly",250.00,0.00,"Paid to Date","202311","","","251023","NO","",0
453739,6217031,"","USD",12,"Monthly",988.00,0.00,"Premium Due","202310","","","121023","NO","",0
453739,6217758,"","AED",12,"Monthly",1359.78,0.00,"Paid to Date","202312","","","311023","NO","",0
453739,6217920,"","AED",12,"Monthly",1808.35,0.00,"Paid to Date","202312","","","311023","NO","",0
453739,6218913,"CIB332-009","USD",12,"Monthly",493.00,0.00,"Paid to Date","","","","020521","NO","",0
453739,6219358,"DVA1385916","USD",12,"Monthly",540.00,0.00,"Lapse","","","","091019","N/A","",0
453739,6219475,"","USD",12,"Monthly",195.00,0.00,"Paid to Date","202312","","","241023","NO","",0
453739,6219528,"N257203","USD",12,"Monthly",419.00,0.00,"Paid to Date","202311","","","051023","NO","",0
453739,6220284,"","USD",12,"Monthly",355.00,0.00,"Paid to Date","202311","","","201023","NO","",0
453739,6220879,"","USD",12,"Monthly",276.00,0.00,"Paid to Date","202312","","","241023","NO","",0
453739,6224386,"","USD",12,"Monthly",500.00,0.00,"Paid-Up","","","","291020","NO","",0
453739,6225995,"","USD",12,"Monthly",851.00,0.00,"Paid-Up","","","","251021","NO","",0
453739,6236343,"","USD",12,"Monthly",476.00,0.00,"Paid to Date","","","","161120","NO","",0
453739,6236724,"","USD",12,"Monthly",218.00,0.00,"Lapse","","","","300519","N/A","",0
453739,6238478,"","USD",12,"Monthly",256.31,0.00,"Premium Due","202310","","","050923","NO","",0
453739,6239812,"DVA13977/1","USD",12,"Monthly",153.00,0.00,"Lapse","","","","160517","N/A","",0
453739,6242394,"","USD",12,"Monthly",279.00,0.00,"Premium Due","202310","","","031023","NO","",0
453739,6244576,"","USD",12,"Monthly",1457.00,0.00,"Lapse","","","","250421","N/A","",0
453739,6244582,"","USD",12,"Monthly",197.00,0.00,"Lapse","","","","311217","N/A","",0
453739,6246801,"","USD",12,"Monthly",500.00,0.00,"Paid to Date","202312","","","021023","NO","",0
453739,6247637,"","USD",12,"Monthly",368.00,0.00,"Paid to Date","","","","010418","NO","",0
453739,6248374,"","USD",12,"Monthly",211.00,0.00,"Lapse","","","","290618","N/A","",0
453739,6248537,"N271527","USD",12,"Monthly",318.00,0.00,"Lapse","","","","191120","N/A","",0
453739,6248971,"A041073818","USD",12,"Monthly",2961.00,0.00,"Lapse","","","","190519","N/A","",0
453739,6249968,"","USD",12,"Monthly",531.00,0.00,"Paid to Date","202311","","","301023","NO","",0
453739,6251653,"","USD",12,"Monthly",1319.00,0.00,"Premium Due","202310","","","251023","NO","",0
453739,6253484,"","USD",12,"Monthly",362.00,0.00,"Lapse","","","","280720","N/A","",0
453739,6255256,"","USD",12,"Monthly",447.00,0.00,"Paid to Date","202311","","","271023","NO","",0
453739,6259326,"","USD",12,"Monthly",227.00,0.00,"Lapse","","","","250618","N/A","",0
453739,6261622,"","USD",12,"Monthly",300.00,0.00,"Lapse","","","","080518","N/A","",0
453739,6261825,"","USD",12,"Monthly",180.00,0.00,"Paid to Date","","","","031119","NO","",0
453739,6261914,"","USD",12,"Monthly",180.00,0.00,"Paid-Up","","","","240919","NO","",0
453739,6264494,"","USD",12,"Monthly",201.00,201.00,"Outstanding","202309","","","010923","NO","",1
453739,6265121,"","USD",12,"Monthly",1968.00,0.00,"Paid to Date","","","","030820","NO","",0
453739,6265295,"","USD",12,"Monthly",267.00,0.00,"Lapse","","","","241017","N/A","",0
453739,6266156,"","USD",12,"Monthly",743.72,0.00,"Paid to Date","202311","","","101023","NO","",0
453739,6267582,"DVA14151/7","GBP",12,"Monthly",375.10,0.00,"Paid to Date","","","","260523","NO","",0
453739,6267700,"","USD",12,"Monthly",200.00,0.00,"Paid to Date","","","","051221","NO","",0
453739,6268773,"","USD",12,"Monthly",186.00,0.00,"Lapse","","","","241017","N/A","",0
453739,6269109,"","USD",12,"Monthly",200.00,0.00,"Lapse","","","","050617","N/A","",0
453739,6270243,"","USD",12,"Monthly",200.00,0.00,"Lapse","","","","280323","N/A","",0
453739,6270518,"","USD",12,"Monthly",4032.00,0.00,"Paid to Date","202311","","","301023","NO","",0
453739,6274636,"","USD",12,"Monthly",343.00,0.00,"Lapse","","","","060621","N/A","",0
453739,6276946,"","USD",12,"Monthly",150.00,0.00,"Lapse","","","","151117","N/A","",0
453739,6278207,"","USD",12,"Monthly",286.00,0.00,"Paid to Date","","","","031218","NO","",0
453739,6278389,"","USD",12,"Monthly",166.00,0.00,"Lapse","","","","240719","N/A","",0
453739,6279848,"","USD",12,"Monthly",286.00,286.00,"Outstanding","202309","","","301023","NO","",1
453739,6279872,"","USD",12,"Monthly",150.00,0.00,"Paid to Date","202311","","","301023","NO","",0
453739,6281648,"N253157","USD",12,"Monthly",346.00,0.00,"Paid to Date","202311","","","261023","NO","",0
453739,6282122,"","USD",12,"Monthly",486.00,0.00,"Paid to Date","202311","","","161023","NO","",0
453739,6282369,"","USD",12,"Monthly",217.00,0.00,"Paid to Date","202311","","","301023","NO","",0
453739,6283390,"","USD",12,"Monthly",565.35,0.00,"Paid to Date","","","","020521","NO","",0
453739,6290419,"","USD",12,"Monthly",916.00,0.00,"Paid to Date","","","","030821","NO","",0
453739,6291549,"","USD",12,"Monthly",150.00,0.00,"Paid to Date","202311","","","171023","NO","",0
453739,6291638,"","USD",12,"Monthly",156.00,0.00,"Paid to Date","202311","","","171023","NO","",0
453739,6296432,"DVA13855","USD",12,"Monthly",272.00,0.00,"Lapse","","","","060119","N/A","",0
453739,6297148,"","USD",12,"Monthly",444.00,0.00,"Paid to Date","202311","","","031023","NO","",0
453739,6299653,"A030268924","USD",12,"Monthly",782.00,0.00,"Paid to Date","","","","301120","NO","",0
453739,6304749,"MON07/374","GBP",12,"Monthly",175.00,0.00,"Lapse","","","","230914","N/A","",0
453739,6306585,"N237137","USD",12,"Monthly",490.00,0.00,"Lapse","","","","200519","N/A","",0
453739,6308574,"CIB388/08","USD",12,"Monthly",302.00,0.00,"Premium Due","202310","","","101023","NO","",0
453739,6310030,"A016F9629","USD",12,"Monthly",200.00,0.00,"Paid-Up","","","","030423","NO","",0
453739,6311781,"ADCB14613","USD",0,"",0.00,0.00,"Paid to Date","","","","210616","NO","",0
453739,6313227,"N229339","USD",12,"Monthly",500.00,0.00,"Paid to Date","","","","011017","NO","",0
453739,6314437,"PIB739/13","USD",12,"Monthly",310.00,0.00,"Paid to Date","","","","240821","NO","",0
453739,6320600,"","USD",12,"Monthly",208.00,0.00,"Lapse","","","","011014","N/A","",0
453739,6322475,"N240204","USD",12,"Monthly",540.00,0.00,"Paid to Date","202311","","","011123","NO","",0
453739,6326133,"MON07/373","GBP",12,"Monthly",101.00,0.00,"Lapse","","","","230914","N/A","",0
453739,6340176,"","USD",12,"Monthly",360.00,0.00,"Paid to Date","202311","","","301023","NO","",0
453739,6342933,"N200095","USD",12,"Monthly",351.00,0.00,"Paid to Date","","","","210316","NO","",0
453739,6360322,"N212220","USD",12,"Monthly",585.00,0.00,"Paid to Date","","","","170321","NO","",0
453739,6361806,"","USD",12,"Monthly",420.00,0.00,"Paid to Date","","","","100619","NO","",0
453739,6370890,"","USD",12,"Monthly",652.00,0.00,"Paid to Date","","","","040722","NO","",0
453739,6376630,"ADCB25050","USD",12,"Monthly",642.00,0.00,"Paid to Date","","","","041017","NO","",0
453739,6379408,"ADCB23726","USD",0,"",0.00,0.00,"Lapse","","","","230517","N/A","",0
453739,8102333,"","USD",12,"Monthly",2000.00,0.00,"Paid to Date","","","","010714","NO","",0
453739,8104798,"PIC1307414","USD",12,"Monthly",1359.00,0.00,"Paid to Date","","","","020517","NO","",0
453739,8107128,"","GBP",12,"Monthly",1500.00,0.00,"Paid to Date","202311","","","301023","NO","",0
453739,8108224,"","USD",12,"Monthly",300.00,0.00,"Paid to Date","202311","","","011123","NO","",0
453739,8110005,"","USD",12,"Monthly",2440.00,0.00,"Paid to Date","202311","","","201023","NO","",0
453739,8111427,"","USD",12,"Monthly",544.00,0.00,"Paid-Up","","","","271218","NO","",0
453739,8111726,"PIC-ZL468","USD",12,"Monthly",2719.00,0.00,"Paid to Date","","","","240915","NO","",0
453739,8114135,"","EUR",12,"Monthly",1920.00,0.00,"Lapse","","","","060616","N/A","",0
453739,8114942,"","USD",12,"Monthly",1086.00,0.00,"Lapse","","","","050218","N/A","",0
453739,8118359,"","USD",12,"Monthly",2039.00,0.00,"Paid-Up","","","","080519","NO","",0
453739,8118549,"","USD",12,"Monthly",1000.00,0.00,"Paid-Up","","","","300322","NO","",0
453739,8118600,"","USD",12,"Monthly",1750.00,0.00,"Paid to Date","202311","","","021023","NO","",0
453739,8119885,"PICZL-1034","USD",12,"Monthly",1500.00,0.00,"Paid to Date","","","","010317","NO","",0
453739,8120000,"PIC-ZL1033","USD",12,"Monthly",1250.00,0.00,"Paid to Date","","","","070816","NO","",0
453739,8120653,"PIC-ZL-604","USD",12,"Monthly",2000.00,0.00,"Paid to Date","","","","061020","NO","",0
453739,8121482,"","USD",12,"Monthly",750.00,0.00,"Paid to Date","","","","200618","NO","",0
453739,8121524,"","GBP",12,"Monthly",2000.00,0.00,"Paid to Date","","","","021023","NO","",0
453739,8124124,"","USD",12,"Monthly",2700.00,0.00,"Paid to Date","","","","271212","NO","",0
453739,8125626,"","USD",12,"Monthly",1358.00,0.00,"Paid to Date","","","","041018","NO","",0
453739,8125657,"","USD",12,"Monthly",750.00,0.00,"Paid-Up","","","","271117","NO","",0
453739,8125701,"","USD",12,"Monthly",815.00,0.00,"Paid-Up","","","","240718","NO","",0
453739,8126850,"","USD",12,"Monthly",300.00,0.00,"Paid-Up","","","","260918","NO","",0
453739,8127039,"","USD",12,"Monthly",300.00,0.00,"Premium Due","202310","","","021023","NO","",0
453739,8127987,"","USD",12,"Monthly",300.00,0.00,"Paid to Date","","","","290523","NO","",0
453739,8128536,"","USD",12,"Monthly",1150.00,0.00,"Paid-Up","","","","270921","NO","",0
453739,8129311,"","USD",12,"Monthly",300.00,0.00,"Paid to Date","","","","161218","NO","",0
453739,8129723,"PIC-ZL-617","USD",12,"Monthly",1250.00,0.00,"Premium Due","202310","","","051023","NO","",0
453739,8131121,"","EUR",12,"Monthly",300.00,0.00,"Paid to Date","202312","","","271023","NO","",0
453739,8134244,"","USD",12,"Monthly",1000.00,0.00,"Paid to Date","","","","010418","NO","",0
453739,8136613,"PIC128496","USD",12,"Monthly",2000.00,0.00,"Dormant","","","","240320","NO","",0
453739,8141930,"DVA13784/1","USD",12,"Monthly",1086.00,0.00,"Paid-Up","","","","120818","NO","",0
453739,8142226,"","USD",12,"Monthly",1400.00,0.00,"Lapse","","","","010317","N/A","",0
453739,8142366,"","USD",12,"Monthly",815.77,0.00,"Paid to Date","202311","","","021023","NO","",0
453739,8143227,"PIC1120/11","USD",12,"Monthly",1500.00,0.00,"Paid to Date","","","","031016","NO","",0
453739,8145828,"","USD",12,"Monthly",1360.00,0.00,"Paid-Up","","","","100917","NO","",0
453739,8146627,"PIC-ZL-476","USD",12,"Monthly",1360.00,0.00,"Paid to Date","","","","020521","NO","",0
453739,8150069,"","USD",12,"Monthly",500.00,0.00,"Paid to Date","","","","290621","NO","",0
453739,8151136,"","USD",12,"Monthly",1630.00,0.00,"Paid to Date","","","","100823","NO","",0
453739,8151965,"","GBP",12,"Monthly",1250.00,0.00,"Paid to Date","202312","","","241023","NO","",0
453739,8152228,"PIC-ZL-477","USD",12,"Monthly",3000.00,0.00,"Paid to Date","202312","","","301023","NO","",0
453739,8153351,"","USD",12,"Monthly",408.00,0.00,"Paid to Date","","","","120718","NO","",0
453739,8154768,"MON07/379","USD",12,"Monthly",300.00,0.00,"Paid to Date","","","","050820","NO","",0
453739,8156431,"","USD",12,"Monthly",1251.00,0.00,"Paid to Date","","","","040319","NO","",0
453739,8157163,"PIC1157/11","USD",12,"Monthly",1250.00,0.00,"Paid to Date","","","","251115","NO","",0
453739,8157338,"","USD",12,"Monthly",2000.00,0.00,"Premium Due","202310","","","041023","NO","",0
453739,8157347,"","USD",12,"Monthly",300.00,0.00,"Paid to Date","","","","041219","NO","",0
453739,8157365,"","USD",12,"Monthly",300.00,0.00,"Paid to Date","","","","081219","NO","",0
453739,8160517,"","USD",12,"Monthly",1000.00,0.00,"Paid to Date","202311","","","301023","NO","",0
453739,8160526,"","USD",12,"Monthly",543.00,0.00,"Paid-Up","","","","240417","NO","",0
453739,8160905,"","USD",12,"Monthly",1850.00,0.00,"Premium Due","202310","","","051023","NO","",0
453739,8162617,"","USD",12,"Monthly",815.00,815.00,"Outstanding","202309","","","041023","NO","",1
453739,8162733,"","USD",12,"Monthly",815.00,0.00,"Paid to Date","202311","","","031023","NO","",0
453739,8163761,"PIC-ZL-658","USD",12,"Monthly",2000.00,0.00,"Paid to Date","202312","","","241023","NO","",0
453739,8164832,"","USD",12,"Monthly",300.00,0.00,"Paid to Date","","","","070419","NO","",0
453739,8165635,"","USD",12,"Monthly",1000.00,0.00,"Lapse","","","","040917","N/A","",0
453739,8170677,"","USD",12,"Monthly",750.00,0.00,"Suspended","","","","220622","NO","",0
453739,8171584,"","USD",12,"Monthly",1250.00,0.00,"Paid to Date","","","","251118","NO","",0
453739,8173122,"","USD",4,"Quarterly",2500.00,2500.00,"Outstanding","202309","","","030823","NO","",1
453739,8174965,"","USD",12,"Monthly",3000.00,0.00,"Paid to Date","202311","","","301023","NO","",0
453739,8177214,"","USD",12,"Monthly",300.00,0.00,"Dormant","","","","210119","NO","",0
453739,8180788,"","USD",12,"Monthly",2000.00,0.00,"Dormant","","","","270317","NO","",0
453739,8183996,"","GBP",12,"Monthly",750.00,0.00,"Paid to Date","","","","101114","NO","",0
453739,8185418,"","USD",12,"Monthly",750.00,0.00,"Paid to Date","","","","011118","NO","",0
453739,8188485,"","USD",12,"Monthly",500.00,0.00,"Paid to Date","","","","050718","NO","",0
453739,8189782,"","USD",12,"Monthly",2000.00,0.00,"Paid to Date","","","","301213","NO","",0
453739,8192128,"","USD",12,"Monthly",1422.00,0.00,"Paid to Date","202311","","","011123","NO","",0
453739,8192504,"","USD",12,"Monthly",500.00,0.00,"Paid to Date","","","","150320","NO","",0
453739,8193376,"","USD",12,"Monthly",1360.00,0.00,"Paid-Up","","","","020919","NO","",0
453739,8194669,"","USD",12,"Monthly",500.00,0.00,"Paid to Date","202311","","","031023","NO","",0
453739,8197322,"PIC13100/1","USD",12,"Monthly",815.00,0.00,"Paid to Date","202311","","","121023","NO","",0
453739,8201060,"PICZL1046","USD",12,"Monthly",554.00,0.00,"Paid to Date","","","","280620","NO","",0
453739,8201115,"PIC-ZL1045","USD",12,"Monthly",750.00,0.00,"Paid to Date","","","","280620","NO","",0
453739,8205813,"","USD",12,"Monthly",2250.00,0.00,"Paid to Date","","","","010817","NO","",0
453739,8206095,"PIC-ZL1047","USD",12,"Monthly",750.00,0.00,"Paid to Date","","","","290619","NO","",0
453739,8209848,"PIC1248/11","USD",12,"Monthly",1508.00,0.00,"Paid to Date","202312","","","011123","NO","",0
453739,8210467,"","USD",12,"Monthly",1360.00,0.00,"Paid to Date","","","","021019","NO","",0
453739,8212292,"PIC13301/1","USD",12,"Monthly",1359.00,0.00,"Paid to Date","","","","240420","NO","",0
453739,8215957,"","USD",12,"Monthly",815.00,0.00,"Paid-Up","","","","250319","NO","",0
453739,8216624,"PIC-ZL 239","USD",12,"Monthly",1000.00,0.00,"Paid to Date","","","","030719","NO","",0
453739,8216756,"","USD",12,"Monthly",320.00,0.00,"Paid to Date","202311","","","251023","NO","",0
453739,8217699,"PIC-ZL-786","USD",12,"Monthly",545.00,0.00,"Paid to Date","202312","","","031023","NO","",0
453739,8218548,"","GBP",1,"Annual",15000.00,0.00,"Paid to Date","","","","230320","NO","",0
453739,8218671,"PIC-ZL 792","USD",0,"",0.00,0.00,"Paid to Date","","","","060420","NO","",0
453739,8219526,"PIC12837","USD",12,"Monthly",1000.00,0.00,"Suspended","","","","140420","NO","",0
453739,8228146,"PIC13352","USD",12,"Monthly",4000.00,0.00,"Paid to Date","202311","","","011123","NO","",0
453739,8229083,"","USD",12,"Monthly",300.00,0.00,"Dormant","","","","240820","NO","",0
453739,8230898,"PIC128115","USD",12,"Monthly",300.00,0.00,"Paid to Date","202311","","","011123","NO","",0
453739,8231748,"","EUR",12,"Monthly",300.00,300.00,"Outstanding","202309","","","021023","NO","",1
453739,8235489,"","USD",12,"Monthly",2000.00,0.00,"Paid to Date","","","","240719","NO","",0
453739,8236489,"","USD",12,"Monthly",300.00,0.00,"Paid to Date","","","","271117","NO","",0
453739,8237559,"PIC-ZL-161","USD",12,"Monthly",300.00,0.00,"Dormant","","","","240620","NO","",0
453739,8239911,"","USD",12,"Monthly",300.00,0.00,"Suspended","","","","280922","NO","",0
453739,8245066,"PIC13358/1","USD",12,"Monthly",750.00,0.00,"Lapse","","","","270616","N/A","",0
453739,8245968,"","USD",12,"Monthly",815.00,0.00,"Paid to Date","","","","251119","NO","",0
453739,8246089,"","USD",12,"Monthly",2225.00,0.00,"Paid to Date","202311","","","241023","NO","",0
453739,8246365,"PIC1335715","USD",12,"Monthly",750.00,0.00,"Lapse","","","","241116","N/A","",0
453739,8247541,"","USD",12,"Monthly",890.00,0.00,"Not Available","","","","201119","N/A","",0
453739,8256893,"PIC1337115","USD",12,"Monthly",1000.00,0.00,"Lapse","","","","010816","N/A","",0
453739,8260234,"PIC ZL 944","USD",12,"Monthly",300.00,0.00,"Suspended","","","","080523","NO","",0
453739,8263082,"","USD",12,"Monthly",2000.00,2000.00,"Outstanding","202309","","","240823","NO","",1
453739,8265475,"PIC13388/1","USD",12,"Monthly",2000.00,0.00,"Paid-Up","","","","240417","NO","",0
453739,8268237,"","USD",12,"Monthly",2745.00,0.00,"Paid-Up","","","","030220","NO","",0
453739,8269587,"","USD",12,"Monthly",1500.00,0.00,"Paid to Date","202312","","","250923","NO","",0
453739,8273300,"","USD",12,"Monthly",300.00,0.00,"Paid to Date","202311","","","301023","NO","",0
453739,8273426,"PIC13400","USD",12,"Monthly",2719.00,0.00,"Lapse","","","","070216","N/A","",0
453739,8273681,"","USD",12,"Monthly",815.00,0.00,"Paid to Date","","","","250817","NO","",0
453739,8274260,"PIC-Zl-183","USD",12,"Monthly",2001.00,0.00,"Paid to Date","","","","080818","NO","",0
453739,8275299,"PIC-ZL182","USD",12,"Monthly",2000.00,0.00,"Paid to Date","202311","","","181023","NO","",0
453739,8277235,"","USD",12,"Monthly",300.00,0.00,"Paid to Date","202312","","","241023","NO","",0
453739,8277359,"PIC13401","USD",12,"Monthly",1359.00,0.00,"Paid-Up","","","","240717","NO","",0
453739,8281163,"","USD",12,"Monthly",1000.00,0.00,"Paid to Date","202311","","","201023","NO","",0
453739,8281604,"","USD",12,"Monthly",816.00,0.00,"Paid to Date","","","","251021","NO","",0
453739,8283659,"PIC-ZL968","USD",12,"Monthly",750.00,0.00,"Paid to Date","","","","271117","NO","",0
453739,8288389,"","USD",12,"Monthly",2000.00,0.00,"Lapse","","","","260218","N/A","",0
453739,8288957,"","USD",12,"Monthly",1000.00,0.00,"Premium Due","202310","","","040923","NO","",0
453739,8292830,"","USD",12,"Monthly",1250.00,0.00,"Lapse","","","","250117","N/A","",0
453739,8293453,"PIC13151","USD",12,"Monthly",1250.00,0.00,"Paid to Date","","","","080221","NO","",0
453739,8295798,"ADCB23512","USD",12,"Monthly",550.00,0.00,"Paid to Date","","","","280217","NO","",0
453739,8298695,"","USD",12,"Monthly",300.00,0.00,"Paid to Date","","","","030220","NO","",0
453739,8299087,"","USD",12,"Monthly",300.00,0.00,"Paid to Date","202312","","","011123","NO","",0
453739,8306306,"","USD",12,"Monthly",500.00,0.00,"Paid to Date","","","","180416","NO","",0
453739,8307301,"PIC1281771","USD",12,"Monthly",1790.00,0.00,"Paid to Date","202312","","","031023","NO","",0
453739,8311517,"","USD",12,"Monthly",1250.00,0.00,"Paid to Date","202311","","","021023","NO","",0
453739,8312085,"","USD",12,"Monthly",5000.00,0.00,"Premium Due","202310","","","250923","NO","",0
453739,8314025,"","USD",0,"",0.00,0.00,"Paid to Date","","","","020320","NO","",0
453739,8315661,"","USD",12,"Monthly",2000.00,0.00,"Paid to Date","","","","120822","NO","",0
453739,8317017,"","USD",12,"Monthly",300.00,0.00,"Paid to Date","","","","030820","NO","",0
453739,8317368,"","USD",1,"Annual",3000.00,0.00,"Paid to Date","","","","240420","NO","",0
453739,8322327,"PIC-ZL335","USD",12,"Monthly",1088.00,0.00,"Suspended","","","","041119","NO","",0
453739,8322419,"","USD",12,"Monthly",2000.00,0.00,"Premium Due","202310","","","301023","NO","",0
453739,8323007,"N243515","USD",12,"Monthly",2750.00,0.00,"Lapse","","","","280916","N/A","",0
453739,8324989,"","USD",12,"Monthly",750.00,0.00,"Lapse","","","","241018","N/A","",0
453739,8325861,"","USD",12,"Monthly",1000.00,0.00,"Paid to Date","","","","250618","NO","",0
453739,8326629,"","EUR",12,"Monthly",2500.00,0.00,"Paid to Date","202311","","","021023","NO","",0
453739,8333031,"","USD",12,"Monthly",300.00,0.00,"Paid to Date","","","","130721","NO","",0
453739,8335485,"","USD",12,"Monthly",1360.00,0.00,"Paid to Date","202311","","","051023","NO","",0
453739,8335891,"","USD",12,"Monthly",543.00,0.00,"Paid to Date","","","","010821","NO","",0
453739,8336242,"","USD",12,"Monthly",300.00,0.00,"Paid to Date","202312","","","011123","NO","",0
453739,8336268,"","USD",12,"Monthly",2000.00,0.00,"Lapse","","","","110718","N/A","",0
453739,8336722,"","USD",12,"Monthly",3500.00,0.00,"Lapse","","","","080316","N/A","",0
453739,8340504,"","USD",12,"Monthly",543.00,0.00,"Paid to Date","","","","040219","NO","",0
453739,8341628,"","USD",12,"Monthly",1250.00,0.00,"Paid-Up","","","","030622","NO","",0
453739,8341768,"","USD",12,"Monthly",1250.00,0.00,"Premium Due","202310","","","260923","NO","",0
453739,8343328,"N257657","USD",12,"Monthly",500.00,0.00,"Paid to Date","202311","","","051023","NO","",0
453739,8345425,"","USD",12,"Monthly",815.00,0.00,"Paid to Date","","","","080821","NO","",0
453739,8346451,"","USD",12,"Monthly",300.00,0.00,"Premium Due","202310","","","051023","NO","",0
453739,8346646,"","USD",12,"Monthly",543.00,0.00,"Lapse","","","","280317","N/A","",0
453739,8349692,"","USD",12,"Monthly",300.00,0.00,"Paid to Date","","","","021120","NO","",0
453739,8351652,"","USD",12,"Monthly",785.00,0.00,"Paid to Date","","","","240818","NO","",0
453739,8351692,"","USD",12,"Monthly",1250.00,0.00,"Paid-Up","","","","020519","NO","",0
453739,8352468,"","USD",12,"Monthly",815.00,0.00,"Paid to Date","","","","040819","NO","",0
453739,8353118,"","USD",12,"Monthly",1250.00,0.00,"Suspended","","","","030122","NO","",0
453739,8353797,"PIC13016/1","USD",12,"Monthly",750.00,0.00,"Paid to Date","","","","011018","NO","",0
453739,8354322,"","USD",12,"Monthly",350.00,0.00,"Paid to Date","202311","","","101023","NO","",0
453739,8358859,"","USD",12,"Monthly",300.00,0.00,"Paid to Date","202311","","","101023","NO","",0
453739,8359395,"","USD",12,"Monthly",1250.00,0.00,"Paid to Date","202312","","","280923","NO","",0
453739,8363983,"","USD",12,"Monthly",2250.00,0.00,"Paid to Date","202311","","","301023","NO","",0
453739,8363991,"","USD",12,"Monthly",1358.00,0.00,"Premium Due","202310","","","161023","NO","",0
453739,8364575,"","USD",12,"Monthly",300.00,0.00,"Suspended","","","","150722","NO","",0
453739,8367342,"","USD",12,"Monthly",300.00,0.00,"Paid to Date","202311","","","021023","NO","",0
453739,8368930,"PIC12846","USD",12,"Monthly",543.00,0.00,"Paid to Date","","","","040117","NO","",0
453739,8369915,"","USD",12,"Monthly",1000.00,0.00,"Paid to Date","202311","","","011123","NO","",0
453739,8371073,"","USD",12,"Monthly",300.00,0.00,"Premium Due","202310","","","031023","NO","",0
453739,8377126,"","USD",12,"Monthly",543.00,0.00,"Lapse","","","","290618","N/A","",0
453739,8378017,"","USD",12,"Monthly",750.00,0.00,"Paid to Date","202311","","","161023","NO","",0
453739,8378280,"DVA14046/1","USD",12,"Monthly",1086.00,0.00,"Paid to Date","202311","","","311023","NO","",0
453739,8380266,"","USD",12,"Monthly",750.00,0.00,"Paid-Up","","","","291117","NO","",0
453739,8380284,"","USD",12,"Monthly",750.00,0.00,"Paid-Up","","","","071217","NO","",0
453739,8380292,"","USD",12,"Monthly",1250.00,0.00,"Paid-Up","","","","131117","NO","",0
453739,8380300,"","USD",12,"Monthly",750.00,0.00,"Paid to Date","","","","250319","NO","",0
453739,8380914,"","USD",12,"Monthly",326.00,0.00,"Paid to Date","","","","261119","NO","",0
453739,8381001,"","USD",12,"Monthly",1086.00,0.00,"Paid to Date","","","","051017","NO","",0
453739,8383602,"","GBP",12,"Monthly",300.00,0.00,"Paid to Date","202312","","","011123","NO","",0
453739,8383949,"","USD",0,"",0.00,0.00,"Paid to Date","","","","140221","NO","",0
453739,8384349,"PIC-ZL530","USD",12,"Monthly",1000.00,0.00,"Paid to Date","","","","050918","NO","",0
453739,8385380,"PIC-ZL388","USD",12,"Monthly",2500.00,0.00,"Premium Due","202310","","","311023","NO","",0
453739,8387197,"","USD",12,"Monthly",1250.00,0.00,"Paid-Up","","","","111017","NO","",0
453739,8390034,"N253158","USD",12,"Monthly",750.00,0.00,"Paid to Date","202312","","","261023","NO","",0
453739,8390725,"","USD",12,"Monthly",2500.00,0.00,"Paid to Date","202311","","","251023","NO","",0
453739,8390854,"PIC1306714","USD",12,"Monthly",750.00,0.00,"Suspended","","","","020822","NO","",0
453739,8391186,"","USD",12,"Monthly",815.00,0.00,"Paid-Up","","","","290817","NO","",0
453739,8394690,"PIC13063/1","USD",12,"Monthly",3500.00,0.00,"Paid to Date","","","","080518","NO","",0
453739,8395707,"PIC-ZL397","USD",12,"Monthly",778.00,0.00,"Paid to Date","","","","070517","NO","",0
453739,8396166,"","USD",12,"Monthly",300.00,0.00,"Paid-Up","","","","010523","NO","",0
453739,8397322,"","USD",12,"Monthly",500.00,0.00,"Paid to Date","202311","","","041023","NO","",0
453739,8399335,"","USD",12,"Monthly",1250.00,0.00,"Lapse","","","","150517","N/A","",0
453739,8412394,"","USD",12,"Monthly",3500.00,0.00,"Paid to Date","","","","240821","NO","",0
453739,8413461,"","USD",12,"Monthly",500.00,0.00,"Paid-Up","","","","281121","NO","",0
453739,8415463,"","USD",12,"Monthly",815.00,0.00,"Lapse","","","","011118","N/A","",0
453739,8415510,"","USD",12,"Monthly",2000.00,0.00,"Paid-Up","","","","240419","NO","",0
453739,8428412,"","USD",12,"Monthly",300.00,0.00,"Paid to Date","","","","100521","NO","",0
453739,8429251,"","USD",12,"Monthly",750.00,0.00,"Lapse","","","","240118","N/A","",0
453739,8435785,"","USD",12,"Monthly",2750.00,0.00,"Paid to Date","202311","","","301023","NO","",0
453739,8472701,"","USD",12,"Monthly",1361.00,0.00,"Paid to Date","202312","","","011123","NO","",0
453739,8477496,"","USD",12,"Monthly",500.00,0.00,"Paid to Date","202311","","","011123","NO","",0
453739,8478124,"","USD",12,"Monthly",5000.00,0.00,"Paid to Date","202311","","","111023","NO","",0
453739,8478150,"","USD",12,"Monthly",4000.00,0.00,"Premium Due","202310","","","181023","NO","",0
453739,8478158,"","USD",12,"Monthly",2000.00,0.00,"Paid-Up","","","","270223","NO","",0
453739,8478354,"","USD",12,"Monthly",300.00,0.00,"Paid-Up","","","","010622","NO","",0
453739,8479382,"","USD",12,"Monthly",543.00,0.00,"Paid-Up","","","","090919","NO","",0
453739,8480135,"","USD",12,"Monthly",1250.00,0.00,"Paid to Date","202311","","","171023","NO","",0
453739,8480365,"","USD",12,"Monthly",2150.00,0.00,"Premium Due","202310","","","280923","NO","",0
453739,8480661,"","USD",12,"Monthly",1500.00,0.00,"Paid to Date","202311","","","251023","NO","",0
453739,8486827,"","USD",12,"Monthly",1359.00,0.00,"Paid to Date","202311","","","301023","NO","",0
453739,8487574,"","USD",12,"Monthly",300.00,0.00,"Paid to Date","202312","","","021023","NO","",0
453739,8491693,"","USD",12,"Monthly",300.00,0.00,"Paid to Date","202311","","","011123","NO","",0
453739,8496532,"","USD",12,"Monthly",1450.00,0.00,"Paid to Date","202311","","","021023","NO","",0
453739,8503561,"","USD",12,"Monthly",5500.00,5500.00,"Outstanding","202309","","","021023","NO","",1
453739,8508742,"","USD",12,"Monthly",1750.00,0.00,"Paid to Date","202311","","","241023","NO","",0
453739,8509021,"","USD",12,"Monthly",1000.00,0.00,"Paid to Date","202311","","","301023","NO","",0
453739,8525074,"","USD",12,"Monthly",815.00,0.00,"Paid to Date","","","","150822","NO","",0
453739,8541419,"","USD",12,"Monthly",1250.00,0.00,"Paid-Up","","","","300822","NO","",0
453739,8556860,"","USD",12,"Monthly",2400.00,0.00,"Paid to Date","202311","","","301023","NO","",0
453739,8557024,"","USD",12,"Monthly",4800.00,0.00,"Paid to Date","202311","","","171023","NO","",0
453739,8566677,"","USD",12,"Monthly",1359.00,0.00,"Paid-Up","","","","271021","NO","",0
453739,8568548,"","USD",12,"Monthly",1500.00,0.00,"Lapse","","","","021220","N/A","",0
453739,8581071,"","USD",12,"Monthly",2723.00,0.00,"Paid-Up","","","","010420","NO","",0
453739,8587373,"","USD",12,"Monthly",1000.00,0.00,"Premium Due","202310","","","301023","NO","",0
453739,8594548,"","USD",12,"Monthly",1000.00,0.00,"Paid to Date","202311","","","051023","NO","",0
453739,9241400,"","GBP",0,"",0.00,0.00,"Paid to Date","","","","030709","NO","",0
453739,9829219,"PIC752/09","USD",12,"Monthly",2000.00,0.00,"Suspended","","","","030723","NO","",0
453739,9837707,"","USD",0,"",0.00,0.00,"Paid to Date","","","","250116","NO","",0
453739,9854628,"","USD",12,"Monthly",1850.00,0.00,"Suspended","","","","300718","NO","",0
453739,9887432,"","USD",12,"Monthly",300.00,0.00,"Premium Due","202310","","","031023","NO","",0
453739,9895910,"","USD",12,"Monthly",300.00,0.00,"Paid to Date","","","","250713","NO","",0
453739,9911209,"PIC798/09","USD",12,"Monthly",1000.00,0.00,"Paid to Date","","","","011017","NO","",0
453739,9915513,"A054V8856","USD",12,"Monthly",3044.23,0.00,"Paid to Date","","","","030618","NO","",0
453739,9921499,"A061V8897","USD",12,"Monthly",750.00,0.00,"Paid to Date","202311","","","051023","NO","",0
453739,9924366,"A075V8927","USD",12,"Monthly",322.00,0.00,"Paid to Date","","","","041219","NO","",0
453739,9927578,"A054V8920","USD",12,"Monthly",1250.00,0.00,"Paid to Date","","","","040318","NO","",0
453739,9946854,"BL017/0104","USD",12,"Monthly",300.00,0.00,"Paid to Date","","","","020317","NO","",0
453739,9949354,"D220V11175","USD",12,"Monthly",500.00,0.00,"Paid to Date","202311","","","201023","NO","",0
453739,9974854,"A014V9432","USD",0,"",0.00,0.00,"Paid to Date","","","","220422","NO","",0
453739,9983235,"CIB357/08","USD",12,"Monthly",500.00,0.00,"Premium Due","202310","","","101023","NO","",0
