"Run Number","Policy Number","Policy Reference","Fund Name","Fund Code","Fund Currency","Plan Currency","Fund Price","Fund Number Of Units Held","Investment Value Fund Currency","Investment Value Plan Currency","Valuation Date","Exchange Rate","Average Purchase Price","Allocation Percentage"
452037,2134561,"","ZME US dollar Adventurous","USD6F","USD","USD",1.5373,3923.643,6031.81,6031.81,20231018,1.000000,1.5975,35.16
452037,2134561,"","ZME US dollar Blue Chip","USD6G","USD","USD",1.4288,4159.405,5942.95,5942.95,20231018,1.000000,1.5068,34.64
452037,2134561,"","ZME US dollar Performance","USD6L","USD","USD",1.5525,3336.537,5179.97,5179.97,20231018,1.000000,1.6101,30.20
452037,2138876,"","Zurich Allocated Passive 100% Equity Fund - USD","B0170","USD","EUR",1.6367,2600.961,4256.99,3993.26,20231018,1.066042,1.6065,30.88
452037,2138876,"","ZUR Zurich Blue Balanced","USD6K","USD","EUR",1.2867,2111.610,2717.00,2548.68,20231018,1.066042,1.3193,19.71
452037,2138876,"","ZUR Zurich Blue Performance","USD6R","USD","EUR",1.3576,2497.107,3390.07,3180.05,20231018,1.066042,1.3945,24.59
452037,2138876,"","ZUR Zurich Blue Adventurous","USD6T","USD","EUR",1.4592,2345.653,3422.77,3210.72,20231018,1.066042,1.4845,24.83
452037,2144809,"","Zurich Allocated Passive 100% Equity Fund - USD","B0170","USD","USD",1.6367,1620.206,2651.79,2651.79,20231018,1.000000,1.5993,40.31
452037,2144809,"","ZUR Threadneedle (Lux) Global Select","USD6C","USD","USD",1.5654,1282.494,2007.61,2007.61,20231018,1.000000,1.5155,30.51
452037,2144809,"","ZME US dollar Adventurous","USD6F","USD","USD",1.5373,1248.845,1919.84,1919.84,20231018,1.000000,1.5564,29.18
452037,2144817,"","Zurich Allocated Passive 100% Equity Fund - USD","B0170","USD","USD",1.6367,2495.260,4083.99,4083.99,20231018,1.000000,1.5835,40.23
452037,2144817,"","ZUR Threadneedle (Lux) Global Select","USD6C","USD","USD",1.5654,1981.943,3102.53,3102.53,20231018,1.000000,1.4952,30.56
452037,2144817,"","ZME US dollar Adventurous","USD6F","USD","USD",1.5373,1928.783,2965.11,2965.11,20231018,1.000000,1.5368,29.21
452037,2145945,"","Zurich Allocated Passive 100% Equity Fund - USD","B0170","USD","USD",1.6367,3142.419,5143.19,5143.19,20231018,1.000000,1.5661,40.21
452037,2145945,"","ZUR Threadneedle (Lux) Global Select","USD6C","USD","USD",1.5654,2501.872,3916.43,3916.43,20231018,1.000000,1.4754,30.62
452037,2145945,"","ZME US dollar Adventurous","USD6F","USD","USD",1.5373,2426.657,3730.49,3730.49,20231018,1.000000,1.5210,29.17
452037,2148642,"","Zurich Allocated Passive 80% Equity Fund - EUR","B0164","EUR","EUR",1.6715,1027.769,1717.91,1717.91,20231018,1.000000,1.6281,30.36
452037,2148642,"","ZME Euro Adventurous","VTEUR","EUR","EUR",1.6168,700.099,1131.92,1131.92,20231018,1.000000,1.5932,20.00
452037,2148642,"","ZME Euro Blue Chip","VVEUR","EUR","EUR",1.3669,815.015,1114.04,1114.04,20231018,1.000000,1.3689,19.69
452037,2148642,"","ZME Euro Performance","WAEUR","EUR","EUR",1.5332,1105.178,1694.45,1694.45,20231018,1.000000,1.5140,29.95
452037,2160610,"R1J31QID","Zurich Allocated Passive 100% Equity Fund - USD","B0170","USD","USD",1.6367,735.562,1203.89,1203.89,20231018,1.000000,1.6602,30.35
452037,2160610,"R1J31QID","ZUR Zurich Blue Balanced","USD6K","USD","USD",1.2867,617.353,794.34,794.34,20231018,1.000000,1.3188,20.03
452037,2160610,"R1J31QID","ZUR Zurich Blue Performance","USD6R","USD","USD",1.3576,725.873,985.44,985.44,20231018,1.000000,1.4020,24.84
452037,2160610,"R1J31QID","ZUR Zurich Blue Adventurous","USD6T","USD","USD",1.4592,673.601,982.91,982.91,20231018,1.000000,1.5108,24.78
452037,2163188,"YYUAKLEH","Zurich Allocated Passive 100% Equity Fund - USD","B0170","USD","USD",1.6367,431.074,705.53,705.53,20231018,1.000000,1.6768,30.20
452037,2163188,"YYUAKLEH","ZUR Zurich Blue Balanced","USD6K","USD","USD",1.2867,364.338,468.79,468.79,20231018,1.000000,1.3227,20.07
452037,2163188,"YYUAKLEH","ZUR Zurich Blue Performance","USD6R","USD","USD",1.3576,428.648,581.93,581.93,20231018,1.000000,1.4053,24.91
452037,2163188,"YYUAKLEH","ZUR Zurich Blue Adventurous","USD6T","USD","USD",1.4592,397.375,579.84,579.84,20231018,1.000000,1.5159,24.82
452037,2174154,"","Morgan Stanley Sust Emerging Markets Equity Fund","CVUSD","USD","USD",39.3300,205.988,8101.50,8101.50,20231018,1.000000,37.1800,9.51
452037,2174154,"","JPM Global Equity Income C Hedged","F9GBP","GBP","USD",2.8210,4989.449,14075.23,16941.53,20231018,0.830812,2.6290,19.89
452037,2174154,"","Ninety One GSF Globl Strtgic Equity A LU0345770993","MRUSD","USD","USD",196.3500,66.756,13107.54,13107.54,20231018,1.000000,172.0800,15.39
452037,2174154,"","Franklin Templeton Mutual Global Discovery Fund A","Q2USD","USD","USD",23.5200,733.629,17254.95,17254.95,20231018,1.000000,20.8800,20.26
452037,2174154,"","Threadneedle (Lux) Global Select","USDYH","USD","USD",4.0307,5034.485,20292.49,20292.49,20231018,1.000000,3.4991,23.83
452037,2174154,"","Invesco Global Smaller Companies Fund (UK) Acc","VAGBP","GBP","USD",30.2075,260.281,7862.43,9463.54,20231018,0.830812,29.0348,11.11
452037,5239339,"PIC250/07","ZI HSBC Islamic Global Equity Index AC","HFUSD","USD","USD",4.5972,7394.188,33992.56,33992.56,20231018,1.000000,2.6972,46.89
452037,5239339,"PIC250/07","ZI Emirates Global Sukuk A Acc","I3USD","USD","USD",1.4937,7194.911,10747.03,10747.03,20231018,1.000000,1.5600,14.83
452037,5239339,"PIC250/07","ZI Franklin Global Sukuk","USDFX","USD","USD",1.2920,8368.958,10812.69,10812.69,20231018,1.000000,1.3387,14.92
452037,5239339,"PIC250/07","ZI Emirates Emerging Markets Equity","7VUSD","USD","USD",0.8828,19185.203,16936.69,16936.69,20231018,1.000000,1.2166,23.36
452037,5255602,"PIC307/08","Adventurous Fund - Currency US Dollars","ADUSD","USD","USD",6.5863,17860.264,117633.05,117633.05,20231018,1.000000,4.7861,41.14
452037,5255602,"PIC307/08","Performance Fund - Currency US Dollars","PFUSD","USD","USD",8.6252,7151.998,61687.41,61687.41,20231018,1.000000,5.9696,21.58
452037,5255602,"PIC307/08","ZI Invesco Developed Small and Mid-Cap Equity $","USDMW","USD","USD",1.6265,65537.108,106596.10,106596.10,20231018,1.000000,2.1155,37.28
452037,5256268,"","ZI BlackRock GF Global Governnment Bond $A2","BPUSD","USD","USD",1.4985,12670.201,18986.29,18986.29,20231018,1.000000,1.6624,10.82
452037,5256268,"","ZI Fidelity Pacific Fund A$","EMUSD","USD","USD",1.4555,18294.057,26626.99,26626.99,20231018,1.000000,1.5175,15.17
452037,5256268,"","ZI Emirates NBD Active Managed Fund B Class","K4USD","USD","USD",1.2993,12840.095,16683.13,16683.13,20231018,1.000000,1.2849,9.50
452037,5256268,"","ZI BlackRock Global Funds World Mining","MGUSD","USD","USD",2.4269,4291.436,10414.88,10414.88,20231018,1.000000,2.6169,5.93
452037,5256268,"","ZI Jupiter Global Funds European Growth.","USDGE","USD","USD",2.6092,12251.534,31966.70,31966.70,20231018,1.000000,1.9240,18.21
452037,5256268,"","ZI Threadneedle (Lux) American","USDXU","USD","USD",1.9760,35858.701,70856.79,70856.79,20231018,1.000000,1.3852,40.37
452037,5259712,"PIC398/08","Blue Chip Fund - Currency US Dollars","BCUSD","USD","USD",7.8683,1747.882,13752.85,13752.85,20231018,1.000000,9.0128,30.25
452037,5259712,"PIC398/08","Cautious Fund - Currency US Dollar","CTUSD","USD","USD",2.9005,4669.908,13545.06,13545.06,20231018,1.000000,3.3735,29.80
452037,5259712,"PIC398/08","Defensive Fund - Currency US Dollar","DFUSD","USD","USD",2.0900,4252.894,8888.54,8888.54,20231018,1.000000,2.4696,19.55
452037,5259712,"PIC398/08","Performance Fund - Currency US Dollars","PFUSD","USD","USD",8.6252,1075.042,9272.45,9272.45,20231018,1.000000,5.3736,20.40
452037,5714946,"GIB19/07","Blue Chip Fund - Currency US Dollars","BCUSD","USD","USD",7.8683,2172.632,17094.92,17094.92,20231018,1.000000,5.4715,100.00
452037,5720632,"F17992","Blue Chip Fund - Currency US Dollars","BCUSD","USD","USD",7.8683,993.987,7820.98,7820.98,20231018,1.000000,3.8569,100.00
452037,6201993,"","ZI Canaccord Genuity Opportunity Fund","USDDL","USD","USD",1.7824,3871.882,6901.24,6901.24,20231018,1.000000,1.7943,80.32
452037,6201993,"","ZI Pimco GIS Investment Grade Credit $","USDKP","USD","USD",1.2398,1363.492,1690.45,1690.45,20231018,1.000000,1.2952,19.68
452037,6202553,"","Adventurous Fund - Currency US Dollars","ADUSD","USD","USD",6.5863,468.523,3085.83,3085.83,20231018,1.000000,6.4680,69.90
452037,6202553,"","Performance Fund - Currency US Dollars","PFUSD","USD","USD",8.6252,154.093,1329.08,1329.08,20231018,1.000000,8.3924,30.10
452037,6202685,"","Adventurous Fund - Currency US Dollars","ADUSD","USD","USD",6.5863,507.633,3343.42,3343.42,20231018,1.000000,6.4514,69.77
452037,6202685,"","Performance Fund - Currency US Dollars","PFUSD","USD","USD",8.6252,167.949,1448.59,1448.59,20231018,1.000000,8.3428,30.23
452037,6203304,"","ZME US dollar Adventurous","USD6F","USD","USD",1.5373,1692.581,2602.00,2602.00,20231018,1.000000,1.6071,35.11
452037,6203304,"","ZME US dollar Blue Chip","USD6G","USD","USD",1.4288,1800.967,2573.22,2573.22,20231018,1.000000,1.5064,34.72
452037,6203304,"","ZME US dollar Performance","USD6L","USD","USD",1.5525,1439.900,2235.44,2235.44,20231018,1.000000,1.6140,30.17
452037,6203674,"","Blue Chip Fund - Currency US Dollars","BCUSD","USD","USD",7.8683,-12.248,-96.37,-96.37,20231018,1.000000,8.3913,100.00
452037,6203748,"","SPS Medium Risk Portfolio","B0203","USD","USD",1.5176,2086.236,3166.07,3166.07,20231018,1.000000,1.4909,100.00
452037,6205181,"","Blue Chip Fund - Currency US Dollars","BCUSD","USD","USD",7.8683,3188.152,25085.33,25085.33,20231018,1.000000,8.3764,100.00
452037,6206871,"","Adventurous Fund - Currency US Dollars","ADUSD","USD","USD",6.5863,405.995,2674.00,2674.00,20231018,1.000000,6.6992,50.27
452037,6206871,"","Blue Chip Fund - Currency US Dollars","BCUSD","USD","USD",7.8683,336.147,2644.90,2644.90,20231018,1.000000,8.1961,49.73
452037,6207313,"","Zurich Allocated Passive 60% Equity Fund - GBP","B0158","GBP","GBP",1.5245,633.755,966.15,966.15,20231018,1.000000,1.5394,30.68
452037,6207313,"","ZME Sterling Blue Chip","9GGBP","GBP","GBP",1.1971,782.472,936.69,936.69,20231018,1.000000,1.2541,29.75
452037,6207313,"","ZME Sterling Cautious","9HGBP","GBP","GBP",1.0656,570.036,607.43,607.43,20231018,1.000000,1.1551,19.29
452037,6207313,"","ZME Sterling Performance","9LGBP","GBP","GBP",1.3606,469.235,638.44,638.44,20231018,1.000000,1.3870,20.28
452037,6207376,"","Blue Chip Fund - Currency US Dollars","BCUSD","USD","USD",7.8683,3124.622,24585.46,24585.46,20231018,1.000000,7.6842,100.00
452037,6207670,"","Blue Chip Fund - Currency US Dollars","BCUSD","USD","USD",7.8683,818.550,6440.59,6440.59,20231018,1.000000,7.6158,30.65
452037,6207670,"","Defensive Fund - Currency US Dollar","DFUSD","USD","USD",2.0900,2831.661,5918.17,5918.17,20231018,1.000000,2.2661,28.16
452037,6207670,"","ZI Franklin US Government fund","TCUSD","USD","USD",1.5372,2475.499,3805.33,3805.33,20231018,1.000000,1.7566,18.11
452037,6207670,"","ZI Fidelity Funds America","USDFU","USD","USD",2.0654,2349.016,4851.65,4851.65,20231018,1.000000,1.7817,23.09
452037,6208135,"","Adventurous Fund - Currency Sterling","ADGBP","GBP","GBP",9.3871,92.792,871.04,871.04,20231018,1.000000,9.6752,24.77
452037,6208135,"","Blue Chip Fund - Currency Sterling","BCGBP","GBP","GBP",6.4772,107.894,698.85,698.85,20231018,1.000000,6.8634,19.87
452037,6208135,"","Cautious Fund - Currency Sterling","CAGBP","GBP","GBP",2.7385,192.025,525.86,525.86,20231018,1.000000,2.8050,14.95
452037,6208135,"","ZI CT Global Select.","GMGBP","GBP","GBP",3.1580,229.673,725.30,725.30,20231018,1.000000,3.1269,20.62
452037,6208135,"","Performance Fund - Currency Sterling","PFGBP","GBP","GBP",8.3862,82.949,695.62,695.62,20231018,1.000000,8.2066,19.78
452037,6211944,"","Blue Chip Fund - Currency US Dollars","BCUSD","USD","USD",7.8683,7223.394,56835.83,56835.83,20231018,1.000000,7.9713,100.00
452037,6213198,"","Adventurous Fund - Currency US Dollars","ADUSD","USD","USD",6.5863,321.824,2119.62,2119.62,20231018,1.000000,6.1371,30.15
452037,6213198,"","Blue Chip Fund - Currency US Dollars","BCUSD","USD","USD",7.8683,350.881,2760.83,2760.83,20231018,1.000000,7.5964,39.27
452037,6213198,"","Performance Fund - Currency US Dollars","PFUSD","USD","USD",8.6252,249.360,2150.77,2150.77,20231018,1.000000,7.9296,30.59
452037,6215123,"","Adventurous Fund - Currency US Dollars","ADUSD","USD","USD",6.5863,298.705,1967.36,1967.36,20231018,1.000000,6.1687,30.15
452037,6215123,"","Blue Chip Fund - Currency US Dollars","BCUSD","USD","USD",7.8683,327.353,2575.71,2575.71,20231018,1.000000,7.6324,39.47
452037,6215123,"","Performance Fund - Currency US Dollars","PFUSD","USD","USD",8.6252,229.875,1982.71,1982.71,20231018,1.000000,7.9731,30.38
452037,6217031,"","ZI Canaccord Genuity Opportunity Fund","USDDL","USD","USD",1.7824,12967.047,23112.46,23112.46,20231018,1.000000,1.8874,100.00
452037,6217758,"","Zurich Allocated Passive 80% Equity Fund - USD","B0169","USD","AED",1.5604,651.876,1017.18,3727.98,20231018,0.272850,1.5453,30.67
452037,6217758,"","ZME US dollar Adventurous","USD6F","USD","AED",1.5373,431.576,663.46,2431.59,20231018,0.272850,1.5621,20.00
452037,6217758,"","ZME US dollar Blue Chip","USD6G","USD","AED",1.4288,453.332,647.72,2373.90,20231018,0.272850,1.4862,19.53
452037,6217758,"","ZME US dollar Performance","USD6L","USD","AED",1.5525,636.609,988.33,3622.24,20231018,0.272850,1.5865,29.80
452037,6217920,"","Zurich Allocated Passive 80% Equity Fund - USD","B0169","USD","AED",1.5604,693.410,1081.99,3965.51,20231018,0.272850,1.5499,30.64
452037,6217920,"","ZME US dollar Adventurous","USD6F","USD","AED",1.5373,459.313,706.10,2587.86,20231018,0.272850,1.5672,20.00
452037,6217920,"","ZME US dollar Blue Chip","USD6G","USD","AED",1.4288,483.376,690.64,2531.20,20231018,0.272850,1.4904,19.56
452037,6217920,"","ZME US dollar Performance","USD6L","USD","AED",1.5525,678.019,1052.62,3857.87,20231018,0.272850,1.5913,29.81
452037,6219475,"","Blue Chip Fund - Currency US Dollars","BCUSD","USD","USD",7.8683,312.766,2460.93,2460.93,20231018,1.000000,8.0504,100.00
452037,6219528,"N257203","Adventurous Fund - Currency US Dollars","ADUSD","USD","USD",6.5863,458.858,3022.17,3022.17,20231018,1.000000,6.7088,19.28
452037,6219528,"N257203","ZI Ninety One GSF Global Strategic Equity Fund","GMUSD","USD","USD",2.7997,1128.267,3158.80,3158.80,20231018,1.000000,2.7280,20.15
452037,6219528,"N257203","ZI Fidelity World $","USDKV","USD","USD",2.0709,1875.199,3883.34,3883.34,20231018,1.000000,2.0519,24.77
452037,6219528,"N257203","ZI Threadneedle (Lux) Global Select","USDYJ","USD","USD",1.7297,1880.974,3253.52,3253.52,20231018,1.000000,1.6362,20.75
452037,6219528,"N257203","ZI Invesco Global Equity Income","7QUSD","USD","USD",2.6341,895.658,2359.25,2359.25,20231018,1.000000,2.5773,15.05
452037,6220284,"","ZI Canaccord Genuity Opportunity Fund","USDDL","USD","USD",1.7824,4492.861,8008.07,8008.07,20231018,1.000000,1.8216,71.45
452037,6220284,"","ZI Pimco GIS Investment Grade Credit $","USDKP","USD","USD",1.2398,2581.505,3200.54,3200.54,20231018,1.000000,1.3785,28.55
452037,6220879,"","Adventurous Fund - Currency US Dollars","ADUSD","USD","USD",6.5863,533.717,3515.22,3515.22,20231018,1.000000,6.1935,30.22
452037,6220879,"","Blue Chip Fund - Currency US Dollars","BCUSD","USD","USD",7.8683,579.621,4560.63,4560.63,20231018,1.000000,7.6642,39.21
452037,6220879,"","Performance Fund - Currency US Dollars","PFUSD","USD","USD",8.6252,412.111,3554.53,3554.53,20231018,1.000000,8.0136,30.56
452037,6224386,"","Blue Chip Fund - Currency US Dollars","BCUSD","USD","USD",7.8683,1019.777,8023.91,8023.91,20231018,1.000000,6.9176,100.00
452037,6225995,"","Blue Chip Fund - Currency US Dollars","BCUSD","USD","USD",7.8683,1517.879,11943.12,11943.12,20231018,1.000000,8.0193,100.00
452037,6238478,"","Blue Chip Fund - Currency US Dollars","BCUSD","USD","USD",7.8683,549.918,4326.91,4326.91,20231018,1.000000,8.3941,100.00
452037,6242394,"","Blue Chip Fund - Currency US Dollars","BCUSD","USD","USD",7.8683,556.534,4378.97,4378.97,20231018,1.000000,8.3700,100.00
452037,6246801,"","Blue Chip Fund - Currency US Dollars","BCUSD","USD","USD",7.8683,3007.972,23667.62,23667.62,20231018,1.000000,7.6425,100.00
452037,6249968,"","Adventurous Fund - Currency US Dollars","ADUSD","USD","USD",6.5863,524.674,3455.66,3455.66,20231018,1.000000,6.6572,41.41
452037,6249968,"","Performance Fund - Currency US Dollars","PFUSD","USD","USD",8.6252,199.304,1719.03,1719.03,20231018,1.000000,8.6685,20.60
452037,6249968,"","ZI Invesco Developed Small and Mid-Cap Equity $","USDMW","USD","USD",1.6265,1949.615,3171.04,3171.04,20231018,1.000000,1.7958,38.00
452037,6251653,"","Blue Chip Fund - Currency US Dollars","BCUSD","USD","USD",7.8683,3370.018,26516.31,26516.31,20231018,1.000000,8.3110,100.00
452037,6255256,"","Blue Chip Fund - Currency US Dollars","BCUSD","USD","USD",7.8683,2862.836,22525.65,22525.65,20231018,1.000000,7.5296,100.00
452037,6261914,"","Adventurous Fund - Currency US Dollars","ADUSD","USD","USD",6.5863,2.174,14.31,14.31,20231018,1.000000,5.2491,30.06
452037,6261914,"","Blue Chip Fund - Currency US Dollars","BCUSD","USD","USD",7.8683,2.354,18.52,18.52,20231018,1.000000,6.5328,38.90
452037,6261914,"","Performance Fund - Currency US Dollars","PFUSD","USD","USD",8.6252,1.714,14.78,14.78,20231018,1.000000,6.7033,31.04
452037,6264494,"","Blue Chip Fund - Currency US Dollars","BCUSD","USD","USD",7.8683,162.468,1278.34,1278.34,20231018,1.000000,7.5887,29.53
452037,6264494,"","Zurich Allocated Passive 60% Equity Fund - USD","B0168","USD","USD",1.4850,899.922,1336.38,1336.38,20231018,1.000000,1.3695,30.87
452037,6264494,"","Cautious Fund - Currency US Dollar","CTUSD","USD","USD",2.9005,287.398,833.59,833.59,20231018,1.000000,2.8625,19.26
452037,6264494,"","Performance Fund - Currency US Dollars","PFUSD","USD","USD",8.6252,102.046,880.16,880.16,20231018,1.000000,8.0477,20.33
452037,6266156,"","Zurich Allocated Passive 100% Equity Fund - USD","B0170","USD","USD",1.6367,422.609,691.68,691.68,20231018,1.000000,1.6443,30.45
452037,6266156,"","ZUR Zurich Blue Balanced","USD6K","USD","USD",1.2867,352.137,453.09,453.09,20231018,1.000000,1.3193,19.95
452037,6266156,"","ZUR Zurich Blue Performance","USD6R","USD","USD",1.3576,414.585,562.84,562.84,20231018,1.000000,1.4001,24.78
452037,6266156,"","ZUR Zurich Blue Adventurous","USD6T","USD","USD",1.4592,386.245,563.60,563.60,20231018,1.000000,1.5015,24.81
452037,6270518,"","Money Market Fund - Currency US Dollars","SEUSD","USD","USD",2.1933,12392.086,27179.56,27179.56,20231018,1.000000,2.1497,100.00
452037,6279848,"","Adventurous Fund - Currency US Dollars","ADUSD","USD","USD",6.5863,453.048,2983.91,2983.91,20231018,1.000000,6.1918,30.20
452037,6279848,"","Blue Chip Fund - Currency US Dollars","BCUSD","USD","USD",7.8683,493.286,3881.32,3881.32,20231018,1.000000,7.6588,39.29
452037,6279848,"","Performance Fund - Currency US Dollars","PFUSD","USD","USD",8.6252,349.450,3014.07,3014.07,20231018,1.000000,8.0080,30.51
452037,6279872,"","Adventurous Fund - Currency US Dollars","ADUSD","USD","USD",6.5863,326.251,2148.78,2148.78,20231018,1.000000,6.1825,30.27
452037,6279872,"","Blue Chip Fund - Currency US Dollars","BCUSD","USD","USD",7.8683,353.026,2777.71,2777.71,20231018,1.000000,7.6528,39.13
452037,6279872,"","Performance Fund - Currency US Dollars","PFUSD","USD","USD",8.6252,251.931,2172.95,2172.95,20231018,1.000000,8.0012,30.61
452037,6281648,"N253157","ZI Schroder ISF Global Inflation Linked Bond US$","GAUSD","USD","USD",1.6696,1939.281,3237.82,3237.82,20231018,1.000000,1.6944,19.77
452037,6281648,"N253157","ZI Ninety One GSF Global Strategic Equity Fund","GMUSD","USD","USD",2.7997,1177.139,3295.63,3295.63,20231018,1.000000,2.7914,20.12
452037,6281648,"N253157","ZI Fidelity World $","USDKV","USD","USD",2.0709,1967.995,4075.52,4075.52,20231018,1.000000,2.0871,24.88
452037,6281648,"N253157","ZI Threadneedle (Lux) Global Select","USDYJ","USD","USD",1.7297,1929.600,3337.62,3337.62,20231018,1.000000,1.7029,20.38
452037,6281648,"N253157","ZI Invesco Global Equity Income","7QUSD","USD","USD",2.6341,923.415,2432.36,2432.36,20231018,1.000000,2.6688,14.85
452037,6282122,"","Blue Chip Fund - Currency US Dollars","BCUSD","USD","USD",7.8683,2705.415,21287.01,21287.01,20231018,1.000000,7.9203,100.00
452037,6282369,"","Adventurous Fund - Currency US Dollars","ADUSD","USD","USD",6.5863,464.447,3058.98,3058.98,20231018,1.000000,6.1751,30.26
452037,6282369,"","Blue Chip Fund - Currency US Dollars","BCUSD","USD","USD",7.8683,502.624,3954.79,3954.79,20231018,1.000000,7.6274,39.12
452037,6282369,"","Performance Fund - Currency US Dollars","PFUSD","USD","USD",8.6252,359.004,3096.48,3096.48,20231018,1.000000,7.9748,30.63
452037,6291549,"","ZI Canaccord Genuity Opportunity Fund","USDDL","USD","USD",1.7824,947.321,1688.50,1688.50,20231018,1.000000,1.8195,60.45
452037,6291549,"","ZI Pimco GIS Investment Grade Credit $","USDKP","USD","USD",1.2398,891.213,1104.92,1104.92,20231018,1.000000,1.3083,39.55
452037,6291638,"","ZI Canaccord Genuity Opportunity Fund","USDDL","USD","USD",1.7824,989.402,1763.51,1763.51,20231018,1.000000,1.8195,60.41
452037,6291638,"","ZI Pimco GIS Investment Grade Credit $","USDKP","USD","USD",1.2398,932.196,1155.73,1155.73,20231018,1.000000,1.3083,39.59
452037,6297148,"","ZI Canaccord Genuity Opportunity Fund","USDDL","USD","USD",1.7824,3252.700,5797.61,5797.61,20231018,1.000000,1.8292,70.39
452037,6297148,"","ZI Pimco GIS Investment Grade Credit $","USDKP","USD","USD",1.2398,1967.565,2439.38,2439.38,20231018,1.000000,1.3151,29.61
452037,6308574,"CIB388/08","Blue Chip Fund - Currency US Dollars","BCUSD","USD","USD",7.8683,2958.899,23281.50,23281.50,20231018,1.000000,6.6300,100.00
452037,6310030,"A016F9629","ZI Schroder ISF Global Inflation Linked Bond US$","GAUSD","USD","USD",1.6696,2436.066,4067.25,4067.25,20231018,1.000000,1.7174,19.30
452037,6310030,"A016F9629","ZI Ninety One GSF Global Strategic Equity Fund","GMUSD","USD","USD",2.7997,1504.164,4211.20,4211.20,20231018,1.000000,2.7814,19.98
452037,6310030,"A016F9629","ZI Fidelity World $","USDKV","USD","USD",2.0709,2548.797,5278.30,5278.30,20231018,1.000000,2.0518,25.05
452037,6310030,"A016F9629","ZI Threadneedle (Lux) Global Select","USDYJ","USD","USD",1.7297,2482.908,4294.68,4294.68,20231018,1.000000,1.6850,20.38
452037,6310030,"A016F9629","ZI Invesco Global Equity Income","7QUSD","USD","USD",2.6341,1222.582,3220.40,3220.40,20231018,1.000000,2.5665,15.28
452037,6322475,"N240204","Adventurous Fund - Currency US Dollars","ADUSD","USD","USD",6.5863,1032.451,6800.03,6800.03,20231018,1.000000,6.1325,25.94
452037,6322475,"N240204","Blue Chip Fund - Currency US Dollars","BCUSD","USD","USD",7.8683,1135.229,8932.32,8932.32,20231018,1.000000,7.8144,34.08
452037,6322475,"N240204","Performance Fund - Currency US Dollars","PFUSD","USD","USD",8.6252,919.805,7933.50,7933.50,20231018,1.000000,8.2636,30.27
452037,6322475,"N240204","ZI Invesco Developed Small and Mid-Cap Equity $","USDMW","USD","USD",1.6265,1563.953,2543.76,2543.76,20231018,1.000000,1.6193,9.71
452037,6340176,"","Blue Chip Fund - Currency US Dollars","BCUSD","USD","USD",7.8683,1789.952,14083.87,14083.87,20231018,1.000000,8.0300,40.13
452037,6340176,"","Cautious Fund - Currency US Dollar","CTUSD","USD","USD",2.9005,1768.409,5129.27,5129.27,20231018,1.000000,3.3535,14.62
452037,6340176,"","Defensive Fund - Currency US Dollar","DFUSD","USD","USD",2.0900,1610.064,3365.03,3365.03,20231018,1.000000,2.4556,9.59
452037,6340176,"","Performance Fund - Currency US Dollars","PFUSD","USD","USD",8.6252,1450.988,12515.06,12515.06,20231018,1.000000,9.6491,35.66
452037,8107128,"","Blue Chip Fund - Currency Sterling","BCGBP","GBP","GBP",6.4772,2755.454,17847.62,17847.62,20231018,1.000000,7.0611,33.74
452037,8107128,"","ZI Jupiter Ecology fund","GDGBP","GBP","GBP",5.0517,1046.394,5286.06,5286.06,20231018,1.000000,5.3810,9.99
452037,8107128,"","ZI CT Global Select.","GMGBP","GBP","GBP",3.1580,3529.170,11145.11,11145.11,20231018,1.000000,3.2216,21.07
452037,8107128,"","Performance Fund - Currency Sterling","PFGBP","GBP","GBP",8.3862,2219.245,18611.03,18611.03,20231018,1.000000,8.9269,35.19
452037,8108224,"","Adventurous Fund - Currency US Dollars","ADUSD","USD","USD",6.5863,4562.743,30051.59,30051.59,20231018,1.000000,5.1556,30.20
452037,8108224,"","Blue Chip Fund - Currency US Dollars","BCUSD","USD","USD",7.8683,3627.638,28543.34,28543.34,20231018,1.000000,6.5029,28.68
452037,8108224,"","Performance Fund - Currency US Dollars","PFUSD","USD","USD",8.6252,4743.239,40911.38,40911.38,20231018,1.000000,6.6079,41.11
452037,8110005,"","ZI Templeton Global Bond Fund","TEUSD","USD","USD",1.7803,15905.163,28315.96,28315.96,20231018,1.000000,2.0512,13.88
452037,8110005,"","ZI Fidelity Funds Global Dividend","USDFT","USD","USD",1.8350,27771.419,50960.55,50960.55,20231018,1.000000,1.8794,24.98
452037,8110005,"","ZI Fidelity World $","USDKV","USD","USD",2.0709,22246.422,46070.11,46070.11,20231018,1.000000,2.2496,22.58
452037,8110005,"","ZI Franklin High Yield $","USDMF","USD","USD",1.5643,20035.289,31341.20,31341.20,20231018,1.000000,1.6281,15.36
452037,8110005,"","ZI Jupiter Merlin Int. Equities Portfolio USD","Z9USD","USD","USD",2.2301,21222.080,47327.36,47327.36,20231018,1.000000,2.3578,23.20
452037,8111427,"","Adventurous Fund - Currency US Dollars","ADUSD","USD","USD",6.5863,798.203,5257.20,5257.20,20231018,1.000000,4.7481,38.87
452037,8111427,"","Blue Chip Fund - Currency US Dollars","BCUSD","USD","USD",7.8683,346.496,2726.33,2726.33,20231018,1.000000,8.8250,20.16
452037,8111427,"","Performance Fund - Currency US Dollars","PFUSD","USD","USD",8.6252,642.682,5543.26,5543.26,20231018,1.000000,7.4037,40.98
452037,8118359,"","ZI Janus Hend Horizon Gbl Property Equities USD","BAUSD","USD","USD",1.5474,2218.728,3433.25,3433.25,20231018,1.000000,1.4727,4.93
452037,8118359,"","Blue Chip Fund - Currency US Dollars","BCUSD","USD","USD",7.8683,2187.691,17213.40,17213.40,20231018,1.000000,5.9615,24.70
452037,8118359,"","ZI BlackRock GF Global Governnment Bond $A2","BPUSD","USD","USD",1.4985,4836.860,7248.03,7248.03,20231018,1.000000,1.6308,10.40
452037,8118359,"","ZI Janus Henderson Continental European","CFEUR","EUR","USD",2.4449,3431.396,8389.42,8766.38,20231018,0.956999,1.6897,12.58
452037,8118359,"","ZI Invesco UK Equity Income Fund (UK) Acc","CIGBP","GBP","USD",1.6662,2519.416,4197.85,5052.70,20231018,0.830812,1.9969,7.25
452037,8118359,"","Defensive Fund - Currency US Dollar","DFUSD","USD","USD",2.0900,3188.202,6663.34,6663.34,20231018,1.000000,2.0585,9.56
452037,8118359,"","ZI Franklin US Government fund","TCUSD","USD","USD",1.5372,4794.804,7370.57,7370.57,20231018,1.000000,1.7851,10.57
452037,8118359,"","ZI Templeton Global Bond Fund","TEUSD","USD","USD",1.7803,2930.486,5217.14,5217.14,20231018,1.000000,2.2381,7.48
452037,8118359,"","ZI Fidelity Funds America","USDFU","USD","USD",2.0654,4230.669,8738.02,8738.02,20231018,1.000000,1.5453,12.54
452037,8118549,"","Adventurous Fund - Currency US Dollars","ADUSD","USD","USD",6.5863,2506.601,16509.22,16509.22,20231018,1.000000,6.0027,24.63
452037,8118549,"","Blue Chip Fund - Currency US Dollars","BCUSD","USD","USD",7.8683,3048.418,23985.86,23985.86,20231018,1.000000,8.9681,35.78
452037,8118549,"","Performance Fund - Currency US Dollars","PFUSD","USD","USD",8.6252,2415.009,20829.93,20829.93,20231018,1.000000,8.6849,31.08
452037,8118549,"","ZI Invesco Developed Small and Mid-Cap Equity $","USDMW","USD","USD",1.6265,3506.423,5703.19,5703.19,20231018,1.000000,2.2189,8.51
452037,8118600,"","ZI BlackRock GF Global Governnment Bond $A2","BPUSD","USD","USD",1.4985,6337.260,9496.38,9496.38,20231018,1.000000,1.5425,18.96
452037,8118600,"","ZI Schroder ISF Global Inflation Linked Bond US$","GAUSD","USD","USD",1.6696,5561.177,9284.94,9284.94,20231018,1.000000,1.7581,18.54
452037,8118600,"","ZI Fidelity World $","USDKV","USD","USD",2.0709,6123.760,12681.69,12681.69,20231018,1.000000,1.9942,25.33
452037,8118600,"","ZI Threadneedle (Lux) Global Select","USDYJ","USD","USD",1.7297,6125.006,10594.42,10594.42,20231018,1.000000,1.5948,21.16
452037,8118600,"","ZI Invesco Global Equity Income","7QUSD","USD","USD",2.6341,3043.974,8018.13,8018.13,20231018,1.000000,2.4056,16.01
452037,8125657,"","Adventurous Fund - Currency US Dollars","ADUSD","USD","USD",6.5863,901.758,5939.24,5939.24,20231018,1.000000,4.3907,38.86
452037,8125657,"","Blue Chip Fund - Currency US Dollars","BCUSD","USD","USD",7.8683,391.460,3080.12,3080.12,20231018,1.000000,8.8250,20.16
452037,8125657,"","Performance Fund - Currency US Dollars","PFUSD","USD","USD",8.6252,726.066,6262.46,6262.46,20231018,1.000000,7.3788,40.98
452037,8125701,"","Adventurous Fund - Currency US Dollars","ADUSD","USD","USD",6.5863,1032.968,6803.43,6803.43,20231018,1.000000,4.9551,39.19
452037,8125701,"","Blue Chip Fund - Currency US Dollars","BCUSD","USD","USD",7.8683,446.655,3514.41,3514.41,20231018,1.000000,9.4307,20.24
452037,8125701,"","Performance Fund - Currency US Dollars","PFUSD","USD","USD",8.6252,816.695,7044.15,7044.15,20231018,1.000000,8.0106,40.57
452037,8126850,"","ZI Schroder ISF Global Inflation Linked Bond US$","GAUSD","USD","USD",1.6696,1645.207,2746.83,2746.83,20231018,1.000000,1.7657,18.90
452037,8126850,"","ZI Ninety One GSF Global Strategic Equity Fund","GMUSD","USD","USD",2.7997,1050.606,2941.38,2941.38,20231018,1.000000,2.7650,20.24
452037,8126850,"","ZI Fidelity World $","USDKV","USD","USD",2.0709,1756.824,3638.20,3638.20,20231018,1.000000,2.0669,25.03
452037,8126850,"","ZI Threadneedle (Lux) Global Select","USDYJ","USD","USD",1.7297,1738.093,3006.37,3006.37,20231018,1.000000,1.6689,20.69
452037,8126850,"","ZI Invesco Global Equity Income","7QUSD","USD","USD",2.6341,835.116,2199.77,2199.77,20231018,1.000000,2.6042,15.14
452037,8127039,"","ZI JP Morgan Pacific Securities Fund","JAUSD","USD","USD",9.1164,781.406,7123.60,7123.60,20231018,1.000000,12.5301,28.94
452037,8127039,"","ZI BlackRock Global Funds US Flexible Equity","MAUSD","USD","USD",3.7476,2580.634,9671.18,9671.18,20231018,1.000000,3.7256,39.29
452037,8127039,"","ZI BlackRock Global Funds World Mining","MGUSD","USD","USD",2.4269,3221.307,7817.78,7817.78,20231018,1.000000,2.7173,31.76
452037,8128536,"","Adventurous Fund - Currency US Dollars","ADUSD","USD","USD",6.5863,1583.493,10429.35,10429.35,20231018,1.000000,5.9411,19.33
452037,8128536,"","Blue Chip Fund - Currency US Dollars","BCUSD","USD","USD",7.8683,2073.097,16311.74,16311.74,20231018,1.000000,9.1847,30.23
452037,8128536,"","Cautious Fund - Currency US Dollar","CTUSD","USD","USD",2.9005,3702.815,10740.01,10740.01,20231018,1.000000,3.4282,19.90
452037,8128536,"","Performance Fund - Currency US Dollars","PFUSD","USD","USD",8.6252,1910.741,16480.52,16480.52,20231018,1.000000,8.9753,30.54
452037,8129723,"PIC-ZL-617","Adventurous Fund - Currency US Dollars","ADUSD","USD","USD",6.5863,5707.513,37591.39,37591.39,20231018,1.000000,6.6698,25.60
452037,8129723,"PIC-ZL-617","Blue Chip Fund - Currency US Dollars","BCUSD","USD","USD",7.8683,6503.453,51171.11,51171.11,20231018,1.000000,7.6740,34.85
452037,8129723,"PIC-ZL-617","Performance Fund - Currency US Dollars","PFUSD","USD","USD",8.6252,5174.137,44627.96,44627.96,20231018,1.000000,8.2818,30.40
452037,8129723,"PIC-ZL-617","ZI Invesco Developed Small and Mid-Cap Equity $","USDMW","USD","USD",1.6265,8253.245,13423.90,13423.90,20231018,1.000000,1.8937,9.14
452037,8131121,"","ZI CT European Bond","BNEUR","EUR","EUR",1.6763,27704.611,46441.23,46441.23,20231018,1.000000,2.0856,41.76
452037,8131121,"","ZI Invesco Environmental  Climate Opp Bond Fund","DNEUR","EUR","EUR",1.8667,6289.277,11740.19,11740.19,20231018,1.000000,1.8958,10.56
452037,8131121,"","ZI Fidelity World Fund A","FEEUR","EUR","EUR",3.6215,7393.316,26774.89,26774.89,20231018,1.000000,2.6885,24.07
452037,8131121,"","ZI Jupiter Merlin Int. Equities Portfolio","GZEUR","EUR","EUR",2.7051,9708.527,26262.53,26262.53,20231018,1.000000,2.1593,23.61
452037,8136613,"PIC128496","Defensive Fund - Currency US Dollar","DFUSD","USD","USD",2.0900,45629.375,95365.39,95365.39,20231018,1.000000,2.2046,48.74
452037,8136613,"PIC128496","Money Market Fund - Currency US Dollars","SEUSD","USD","USD",2.1933,45722.569,100283.31,100283.31,20231018,1.000000,2.0994,51.26
452037,8141930,"DVA13784/1","ZI Emirates Global Sukuk A Acc","I3USD","USD","USD",1.4937,4947.821,7390.56,7390.56,20231018,1.000000,1.4778,33.97
452037,8141930,"DVA13784/1","Money Market Fund - Currency US Dollars","SEUSD","USD","USD",2.1933,2687.822,5895.19,5895.19,20231018,1.000000,2.1019,27.10
452037,8141930,"DVA13784/1","ZI Franklin Global Sukuk","USDFX","USD","USD",1.2920,2357.588,3046.00,3046.00,20231018,1.000000,1.2540,14.00
452037,8141930,"DVA13784/1","ZI Emirates Emerging Markets Equity","7VUSD","USD","USD",0.8828,6144.008,5423.93,5423.93,20231018,1.000000,1.1207,24.93
452037,8142366,"","Adventurous Fund - Currency US Dollars","ADUSD","USD","USD",6.5863,6548.123,43127.90,43127.90,20231018,1.000000,5.3316,38.98
452037,8142366,"","Blue Chip Fund - Currency US Dollars","BCUSD","USD","USD",7.8683,2837.023,22322.54,22322.54,20231018,1.000000,8.8157,20.18
452037,8142366,"","Performance Fund - Currency US Dollars","PFUSD","USD","USD",8.6252,5238.644,45184.35,45184.35,20231018,1.000000,8.2720,40.84
452037,8145828,"","ZI Fidelity Global Thematic Opportunities","FAUSD","USD","USD",2.7451,1958.576,5376.48,5376.48,20231018,1.000000,2.3672,16.46
452037,8145828,"","ZI BGF World Technology Fund A2 Acc USD","K2USD","USD","USD",7.0975,1678.188,11910.93,11910.93,20231018,1.000000,2.7614,36.45
452037,8145828,"","ZI Barings Dev & Emerging Markets High Yield Bond","NBUSD","USD","USD",3.4546,699.914,2417.92,2417.92,20231018,1.000000,3.3115,7.40
452037,8145828,"","ZI Schroder ISF Global Convertible Bond A Acc $","R3USD","USD","USD",1.8527,1946.782,3606.80,3606.80,20231018,1.000000,1.7867,11.04
452037,8145828,"","Money Market Fund - Currency US Dollars","SEUSD","USD","USD",2.1933,1166.940,2559.44,2559.44,20231018,1.000000,2.1019,7.83
452037,8145828,"","ZI Jupiter Global Fund India Select L","6FUSD","USD","USD",2.0489,3319.675,6801.68,6801.68,20231018,1.000000,1.7444,20.82
452037,8151965,"","Adventurous Fund - Currency Sterling","ADGBP","GBP","GBP",9.3871,1797.337,16871.78,16871.78,20231018,1.000000,7.2276,24.75
452037,8151965,"","Blue Chip Fund - Currency Sterling","BCGBP","GBP","GBP",6.4772,2091.153,13544.81,13544.81,20231018,1.000000,6.6681,19.87
452037,8151965,"","Cautious Fund - Currency Sterling","CAGBP","GBP","GBP",2.7385,3723.477,10196.74,10196.74,20231018,1.000000,2.8087,14.96
452037,8151965,"","ZI CT Global Select.","GMGBP","GBP","GBP",3.1580,4455.699,14071.09,14071.09,20231018,1.000000,3.1295,20.64
452037,8151965,"","Performance Fund - Currency Sterling","PFGBP","GBP","GBP",8.3862,1607.054,13477.07,13477.07,20231018,1.000000,7.4297,19.77
452037,8152228,"PIC-ZL-477","Performance Fund - Currency US Dollars","PFUSD","USD","USD",8.6252,45334.101,391015.68,391015.68,20231018,1.000000,7.1154,100.00
452037,8157338,"","Adventurous Fund - Currency US Dollars","ADUSD","USD","USD",6.5863,9138.340,60187.84,60187.84,20231018,1.000000,5.5745,30.16
452037,8157338,"","Blue Chip Fund - Currency US Dollars","BCUSD","USD","USD",7.8683,7327.682,57656.40,57656.40,20231018,1.000000,6.9733,28.90
452037,8157338,"","Performance Fund - Currency US Dollars","PFUSD","USD","USD",8.6252,9471.263,81691.53,81691.53,20231018,1.000000,7.1679,40.94
452037,8160517,"","ZI Templeton Global Bond Fund","TEUSD","USD","USD",1.7803,6978.608,12424.01,12424.01,20231018,1.000000,2.1099,18.78
452037,8160517,"","ZI Fidelity Funds Global Dividend","USDFT","USD","USD",1.8350,9926.091,18214.37,18214.37,20231018,1.000000,1.7915,27.53
452037,8160517,"","ZI Fidelity World $","USDKV","USD","USD",2.0709,8440.328,17479.07,17479.07,20231018,1.000000,2.0190,26.42
452037,8160517,"","ZI Jupiter Merlin Int. Equities Portfolio USD","Z9USD","USD","USD",2.2301,8094.263,18051.01,18051.01,20231018,1.000000,2.2343,27.28
452037,8160526,"","ZI Fidelity Global Thematic Opportunities","FAUSD","USD","USD",2.7451,220.350,604.88,604.88,20231018,1.000000,2.3328,13.04
452037,8160526,"","ZI BGF World Technology Fund A2 Acc USD","K2USD","USD","USD",7.0975,196.094,1391.77,1391.77,20231018,1.000000,2.6204,30.01
452037,8160526,"","ZI Barings Dev & Emerging Markets High Yield Bond","NBUSD","USD","USD",3.4546,78.479,271.11,271.11,20231018,1.000000,3.2711,5.85
452037,8160526,"","ZI Schroder ISF Global Convertible Bond A Acc $","R3USD","USD","USD",1.8527,401.063,743.04,743.04,20231018,1.000000,1.7666,16.02
452037,8160526,"","Money Market Fund - Currency US Dollars","SEUSD","USD","USD",2.1933,130.631,286.51,286.51,20231018,1.000000,2.1019,6.18
452037,8160526,"","ZI Jupiter Global Fund India Select L","6FUSD","USD","USD",2.0489,654.342,1340.68,1340.68,20231018,1.000000,1.5327,28.91
452037,8160905,"","Blue Chip Fund - Currency US Dollars","BCUSD","USD","USD",7.8683,5851.314,46039.89,46039.89,20231018,1.000000,8.2455,39.99
452037,8160905,"","Cautious Fund - Currency US Dollar","CTUSD","USD","USD",2.9005,5864.923,17011.20,17011.20,20231018,1.000000,3.2892,14.78
452037,8160905,"","Defensive Fund - Currency US Dollar","DFUSD","USD","USD",2.0900,5348.461,11178.28,11178.28,20231018,1.000000,2.3154,9.71
452037,8160905,"","Performance Fund - Currency US Dollars","PFUSD","USD","USD",8.6252,4740.924,40891.41,40891.41,20231018,1.000000,9.4803,35.52
452037,8162617,"","Adventurous Fund - Currency US Dollars","ADUSD","USD","USD",6.5863,1697.497,11180.22,11180.22,20231018,1.000000,7.4256,24.80
452037,8162617,"","Blue Chip Fund - Currency US Dollars","BCUSD","USD","USD",7.8683,2034.402,16007.28,16007.28,20231018,1.000000,7.9660,35.50
452037,8162617,"","Performance Fund - Currency US Dollars","PFUSD","USD","USD",8.6252,1613.360,13915.55,13915.55,20231018,1.000000,9.3678,30.87
452037,8162617,"","ZI Invesco Developed Small and Mid-Cap Equity $","USDMW","USD","USD",1.6265,2448.292,3982.14,3982.14,20231018,1.000000,2.0606,8.83
452037,8162733,"","Money Market Fund - Currency US Dollars","SEUSD","USD","USD",2.1933,4423.911,9702.96,9702.96,20231018,1.000000,2.1129,14.09
452037,8162733,"","ZI Fidelity Funds Global Dividend","USDFT","USD","USD",1.8350,7563.309,13878.67,13878.67,20231018,1.000000,1.6297,20.15
452037,8162733,"","ZI Fidelity World $","USDKV","USD","USD",2.0709,6741.528,13961.03,13961.03,20231018,1.000000,1.8261,20.27
452037,8162733,"","ZI Franklin High Yield $","USDMF","USD","USD",1.5643,6079.738,9510.53,9510.53,20231018,1.000000,1.5279,13.81
452037,8162733,"","ZI Jupiter Merlin Int. Equities Portfolio USD","Z9USD","USD","USD",2.2301,5991.169,13360.90,13360.90,20231018,1.000000,2.0623,19.40
452037,8162733,"","ZI Jupiter Global Fund India Select L","6FUSD","USD","USD",2.0489,4133.190,8468.49,8468.49,20231018,1.000000,1.5103,12.29
452037,8163761,"PIC-ZL-658","Blue Chip Fund - Currency US Dollars","BCUSD","USD","USD",7.8683,10435.611,82110.51,82110.51,20231018,1.000000,6.6227,30.12
452037,8163761,"PIC-ZL-658","Cautious Fund - Currency US Dollar","CTUSD","USD","USD",2.9005,17483.528,50710.97,50710.97,20231018,1.000000,2.7662,18.60
452037,8163761,"PIC-ZL-658","Defensive Fund - Currency US Dollar","DFUSD","USD","USD",2.0900,11209.845,23428.57,23428.57,20231018,1.000000,2.1596,8.59
452037,8163761,"PIC-ZL-658","Performance Fund - Currency US Dollars","PFUSD","USD","USD",8.6252,13490.736,116360.29,116360.29,20231018,1.000000,6.5606,42.68
452037,8170677,"","SPS High Risk Portfolio","B0205","USD","USD",1.5954,8730.118,13928.03,13928.03,20231018,1.000000,1.7019,100.00
452037,8173122,"","Adventurous Fund - Currency US Dollars","ADUSD","USD","USD",6.5863,2036.911,13415.70,13415.70,20231018,1.000000,7.2643,20.53
452037,8173122,"","Blue Chip Fund - Currency US Dollars","BCUSD","USD","USD",7.8683,1583.031,12455.76,12455.76,20231018,1.000000,7.8258,19.06
452037,8173122,"","Performance Fund - Currency US Dollars","PFUSD","USD","USD",8.6252,2245.921,19371.51,19371.51,20231018,1.000000,7.9220,29.65
452037,8173122,"","ZI Jupiter Merlin Int. Equities Portfolio USD","Z9USD","USD","USD",2.2301,9010.310,20093.89,20093.89,20231018,1.000000,2.0740,30.75
452037,8174965,"","Adventurous Fund - Currency US Dollars","ADUSD","USD","USD",6.5863,23153.973,152499.01,152499.01,20231018,1.000000,6.1478,42.98
452037,8174965,"","Performance Fund - Currency US Dollars","PFUSD","USD","USD",8.6252,8588.846,74080.51,74080.51,20231018,1.000000,8.2873,20.88
452037,8174965,"","ZI Invesco Developed Small and Mid-Cap Equity $","USDMW","USD","USD",1.6265,78864.299,128272.78,128272.78,20231018,1.000000,1.8057,36.15
452037,8177214,"","Adventurous Fund - Currency US Dollars","ADUSD","USD","USD",6.5863,1003.400,6608.69,6608.69,20231018,1.000000,4.7022,41.48
452037,8177214,"","Blue Chip Fund - Currency US Dollars","BCUSD","USD","USD",7.8683,302.343,2378.92,2378.92,20231018,1.000000,6.0466,14.93
452037,8177214,"","Performance Fund - Currency US Dollars","PFUSD","USD","USD",8.6252,375.560,3239.28,3239.28,20231018,1.000000,5.9194,20.33
452037,8177214,"","ZI Invesco Developed Small and Mid-Cap Equity $","USDMW","USD","USD",1.6265,2279.165,3707.06,3707.06,20231018,1.000000,1.8240,23.27
452037,8180788,"","Adventurous Fund - Currency US Dollars","ADUSD","USD","USD",6.5863,1651.576,10877.77,10877.77,20231018,1.000000,4.1971,25.01
452037,8180788,"","Blue Chip Fund - Currency US Dollars","BCUSD","USD","USD",7.8683,1947.725,15325.28,15325.28,20231018,1.000000,6.5726,35.24
452037,8180788,"","Performance Fund - Currency US Dollars","PFUSD","USD","USD",8.6252,1531.918,13213.09,13213.09,20231018,1.000000,5.4285,30.38
452037,8180788,"","ZI Invesco Developed Small and Mid-Cap Equity $","USDMW","USD","USD",1.6265,2502.973,4071.08,4071.08,20231018,1.000000,2.0341,9.36
452037,8192128,"","Adventurous Fund - Currency US Dollars","ADUSD","USD","USD",6.5863,4583.904,30190.96,30190.96,20231018,1.000000,6.5557,40.51
452037,8192128,"","Blue Chip Fund - Currency US Dollars","BCUSD","USD","USD",7.8683,1456.364,11459.10,11459.10,20231018,1.000000,8.7173,15.38
452037,8192128,"","Performance Fund - Currency US Dollars","PFUSD","USD","USD",8.6252,1798.374,15511.33,15511.33,20231018,1.000000,8.7400,20.81
452037,8192128,"","ZI Invesco Developed Small and Mid-Cap Equity $","USDMW","USD","USD",1.6265,10674.881,17362.69,17362.69,20231018,1.000000,1.9832,23.30
452037,8193376,"","Adventurous Fund - Currency US Dollars","ADUSD","USD","USD",6.5863,4947.311,32584.47,32584.47,20231018,1.000000,4.6137,40.71
452037,8193376,"","Blue Chip Fund - Currency US Dollars","BCUSD","USD","USD",7.8683,1902.006,14965.55,14965.55,20231018,1.000000,6.8927,18.70
452037,8193376,"","Performance Fund - Currency US Dollars","PFUSD","USD","USD",8.6252,3766.255,32484.70,32484.70,20231018,1.000000,6.4162,40.59
452037,8194669,"","Adventurous Fund - Currency US Dollars","ADUSD","USD","USD",6.5863,2329.588,15343.36,15343.36,20231018,1.000000,5.9530,40.55
452037,8194669,"","Blue Chip Fund - Currency US Dollars","BCUSD","USD","USD",7.8683,939.521,7392.43,7392.43,20231018,1.000000,8.0964,19.54
452037,8194669,"","Performance Fund - Currency US Dollars","PFUSD","USD","USD",8.6252,1751.319,15105.47,15105.47,20231018,1.000000,8.1573,39.92
452037,8197322,"PIC13100/1","ZI Fidelity Global Thematic Opportunities","FAUSD","USD","USD",2.7451,6022.390,16532.06,16532.06,20231018,1.000000,2.6395,16.92
452037,8197322,"PIC13100/1","ZI BGF World Technology Fund A2 Acc USD","K2USD","USD","USD",7.0975,3762.841,26706.76,26706.76,20231018,1.000000,4.1195,27.34
452037,8197322,"PIC13100/1","ZI Barings Dev & Emerging Markets High Yield Bond","NBUSD","USD","USD",3.4546,2319.019,8011.28,8011.28,20231018,1.000000,3.4431,8.20
452037,8197322,"PIC13100/1","ZI Schroder ISF Global Convertible Bond A Acc $","R3USD","USD","USD",1.8527,6231.359,11544.83,11544.83,20231018,1.000000,1.9194,11.82
452037,8197322,"PIC13100/1","Money Market Fund - Currency US Dollars","SEUSD","USD","USD",2.1933,3911.918,8580.00,8580.00,20231018,1.000000,2.1096,8.78
452037,8197322,"PIC13100/1","ZI Jupiter Global Fund India Select L","6FUSD","USD","USD",2.0489,12845.289,26318.71,26318.71,20231018,1.000000,1.5203,26.94
452037,8209848,"PIC1248/11","ZI Canaccord Genuity Opportunity Fund","USDDL","USD","USD",1.7824,11247.638,20047.78,20047.78,20231018,1.000000,1.6349,39.32
452037,8209848,"PIC1248/11","ZI Pimco GIS Investment Grade Credit $","USDKP","USD","USD",1.2398,24959.196,30944.41,30944.41,20231018,1.000000,1.4337,60.68
452037,8215957,"","Adventurous Fund - Currency US Dollars","ADUSD","USD","USD",6.5863,3695.397,24338.99,24338.99,20231018,1.000000,5.0229,58.48
452037,8215957,"","ZI JPM Global Natural Resources USD A Acc","CIUSD","USD","USD",0.7313,7002.648,5121.03,5121.03,20231018,1.000000,0.5432,12.30
452037,8215957,"","Performance Fund - Currency US Dollars","PFUSD","USD","USD",8.6252,1410.080,12162.22,12162.22,20231018,1.000000,6.1148,29.22
452037,8216756,"","ZI BlackRock Global Funds World Gold","MDUSD","USD","USD",4.3382,5598.693,24288.24,24288.24,20231018,1.000000,5.2311,22.38
452037,8216756,"","Money Market Fund - Currency US Dollars","SEUSD","USD","USD",2.1933,19075.357,41837.98,41837.98,20231018,1.000000,2.0512,38.55
452037,8216756,"","ZI HSBC World Selection Portfolio 2","USDHG","USD","USD",1.4069,30133.206,42394.40,42394.40,20231018,1.000000,1.3058,39.07
452037,8217699,"PIC-ZL-786","Adventurous Fund - Currency US Dollars","ADUSD","USD","USD",6.5863,2568.488,16916.83,16916.83,20231018,1.000000,5.2415,40.10
452037,8217699,"PIC-ZL-786","Blue Chip Fund - Currency US Dollars","BCUSD","USD","USD",7.8683,1034.782,8141.97,8141.97,20231018,1.000000,7.4660,19.30
452037,8217699,"PIC-ZL-786","Performance Fund - Currency US Dollars","PFUSD","USD","USD",8.6252,1985.922,17128.97,17128.97,20231018,1.000000,7.4922,40.60
452037,8219526,"PIC12837","ZI Canaccord Genuity Balanced Fund","USDDJ","USD","USD",1.5250,10716.214,16342.22,16342.22,20231018,1.000000,1.4839,48.53
452037,8219526,"PIC12837","ZI Canaccord Genuity Growth Fund","USDDK","USD","USD",1.7286,10027.223,17333.05,17333.05,20231018,1.000000,1.5893,51.47
452037,8228146,"PIC13352","Money Market Fund - Currency US Dollars","SEUSD","USD","USD",2.1933,5645.783,12382.89,12382.89,20231018,1.000000,2.1158,9.80
452037,8228146,"PIC13352","ZI Templeton Global Total Return Fund","TDUSD","USD","USD",1.9028,7430.913,14139.54,14139.54,20231018,1.000000,2.3910,11.19
452037,8228146,"PIC13352","ZI Fidelity Funds Global Dividend","USDFT","USD","USD",1.8350,14842.111,27235.27,27235.27,20231018,1.000000,1.5181,21.56
452037,8228146,"PIC13352","ZI Fidelity World $","USDKV","USD","USD",2.0709,13649.638,28267.03,28267.03,20231018,1.000000,1.6411,22.38
452037,8228146,"PIC13352","ZI Franklin High Yield $","USDMF","USD","USD",1.5643,11715.970,18327.29,18327.29,20231018,1.000000,1.4621,14.51
452037,8228146,"PIC13352","ZI Jupiter Merlin Int. Equities Portfolio USD","Z9USD","USD","USD",2.2301,11639.154,25956.47,25956.47,20231018,1.000000,1.9439,20.55
452037,8229083,"","ZI BlackRock GF Global Governnment Bond $A2","BPUSD","USD","USD",1.4985,14739.255,22086.77,22086.77,20231018,1.000000,1.5581,19.85
452037,8229083,"","ZI Fidelity Global Bond fund","FCUSD","USD","USD",1.4337,19084.257,27361.09,27361.09,20231018,1.000000,1.5042,24.60
452037,8229083,"","ZI Ninety One GSF Global Strategic Equity Fund","GMUSD","USD","USD",2.7997,7948.645,22253.82,22253.82,20231018,1.000000,2.8892,20.00
452037,8229083,"","ZI Pimco GIS Investment Grade Credit $","USDKP","USD","USD",1.2398,13477.248,16709.09,16709.09,20231018,1.000000,1.2780,15.02
452037,8229083,"","ZI Threadneedle (Lux) Global Select","USDYJ","USD","USD",1.7297,13200.684,22833.22,22833.22,20231018,1.000000,1.7397,20.53
452037,8230898,"PIC128115","Money Market Fund - Currency US Dollars","SEUSD","USD","USD",2.1933,6076.894,13328.45,13328.45,20231018,1.000000,2.0964,62.92
452037,8230898,"PIC128115","ZI Canaccord Genuity Opportunity Fund","USDDL","USD","USD",1.7824,4406.982,7855.00,7855.00,20231018,1.000000,1.6003,37.08
452037,8231748,"","ZI Janus Henderson Continental European","CFEUR","EUR","EUR",2.4449,4665.568,11406.84,11406.84,20231018,1.000000,2.2760,26.40
452037,8231748,"","ZI Invesco Environmental  Climate Opp Bond Fund","DNEUR","EUR","EUR",1.8667,4387.147,8189.48,8189.48,20231018,1.000000,1.8727,18.95
452037,8231748,"","ZI Fidelity European Growth","FDEUR","EUR","EUR",2.7588,1558.075,4298.41,4298.41,20231018,1.000000,2.7139,9.95
452037,8231748,"","ZI Fidelity World Fund A","FEEUR","EUR","EUR",3.6215,2875.327,10412.99,10412.99,20231018,1.000000,2.6202,24.10
452037,8231748,"","ZI Jupiter Merlin Int. Equities Portfolio","GZEUR","EUR","EUR",2.7051,3292.485,8906.50,8906.50,20231018,1.000000,2.2121,20.61
452037,8237559,"PIC-ZL-161","Adventurous Fund - Currency Euro","ADEUR","EUR","USD",6.0090,552.634,3320.77,3469.98,20231018,0.956999,6.0130,19.91
452037,8237559,"PIC-ZL-161","Adventurous Fund - Currency US Dollars","ADUSD","USD","USD",6.5863,23.789,156.68,156.68,20231018,1.000000,5.4774,0.90
452037,8237559,"PIC-ZL-161","ZI abrdn SICAV I All China Sustainable Equity","ASUSD","USD","USD",2.3767,838.947,1993.92,1993.92,20231018,1.000000,2.7042,11.44
452037,8237559,"PIC-ZL-161","ZI FSSA China Growth A","FNUSD","USD","USD",5.6924,1555.316,8853.48,8853.48,20231018,1.000000,5.1362,50.80
452037,8237559,"PIC-ZL-161","Performance Fund - Currency Euro","PFEUR","EUR","USD",4.7757,591.870,2826.59,2953.59,20231018,0.956999,4.9126,16.95
452037,8239911,"","Money Market Fund - Currency US Dollars","SEUSD","USD","USD",2.1933,2023.984,4439.20,4439.20,20231018,1.000000,2.1055,10.01
452037,8239911,"","ZI Templeton Global Total Return Fund","TDUSD","USD","USD",1.9028,2488.507,4735.13,4735.13,20231018,1.000000,2.5338,10.68
452037,8239911,"","ZI Fidelity Funds Global Dividend","USDFT","USD","USD",1.8350,5331.539,9783.37,9783.37,20231018,1.000000,1.5643,22.06
452037,8239911,"","ZI Fidelity World $","USDKV","USD","USD",2.0709,4702.626,9738.66,9738.66,20231018,1.000000,1.7737,21.96
452037,8239911,"","ZI Franklin High Yield $","USDMF","USD","USD",1.5643,4175.164,6531.20,6531.20,20231018,1.000000,1.5016,14.73
452037,8239911,"","ZI Jupiter Merlin Int. Equities Portfolio USD","Z9USD","USD","USD",2.2301,4088.960,9118.78,9118.78,20231018,1.000000,2.0450,20.56
452037,8246089,"","SPS Medium High Risk Portfolio","B0204","USD","USD",1.6164,38182.896,61718.83,61718.83,20231018,1.000000,1.6917,100.00
452037,8260234,"PIC ZL 944","ZI Canaccord Genuity Opportunity Fund","USDDL","USD","USD",1.7824,6387.768,11385.55,11385.55,20231018,1.000000,1.4245,76.45
452037,8260234,"PIC ZL 944","ZI Pimco GIS Investment Grade Credit $","USDKP","USD","USD",1.2398,2829.304,3507.77,3507.77,20231018,1.000000,1.3761,23.55
452037,8263082,"","SPS Medium High Risk Portfolio","B0204","USD","USD",1.6164,53755.076,86889.70,86889.70,20231018,1.000000,1.7121,100.00
452037,8265475,"PIC13388/1","Performance Fund - Currency US Dollars","PFUSD","USD","USD",8.6252,5172.072,44610.15,44610.15,20231018,1.000000,5.4661,100.00
452037,8268237,"","deVere DPS 2 USD","B0149","USD","USD",1.3544,39258.203,53171.31,53171.31,20231018,1.000000,1.2864,100.00
452037,8269587,"","Adventurous Fund - Currency US Dollars","ADUSD","USD","USD",6.5863,2182.898,14377.22,14377.22,20231018,1.000000,7.3942,19.65
452037,8269587,"","Blue Chip Fund - Currency US Dollars","BCUSD","USD","USD",7.8683,2799.620,22028.25,22028.25,20231018,1.000000,8.6428,30.11
452037,8269587,"","Cautious Fund - Currency US Dollar","CTUSD","USD","USD",2.9005,4972.076,14421.50,14421.50,20231018,1.000000,3.0826,19.71
452037,8269587,"","Performance Fund - Currency US Dollars","PFUSD","USD","USD",8.6252,2589.226,22332.59,22332.59,20231018,1.000000,9.3451,30.53
452037,8273300,"","Adventurous Fund - Currency US Dollars","ADUSD","USD","USD",6.5863,1630.016,10735.77,10735.77,20231018,1.000000,6.0035,41.76
452037,8273300,"","Blue Chip Fund - Currency US Dollars","BCUSD","USD","USD",7.8683,478.380,3764.03,3764.03,20231018,1.000000,6.8749,14.64
452037,8273300,"","Performance Fund - Currency US Dollars","PFUSD","USD","USD",8.6252,603.084,5201.72,5201.72,20231018,1.000000,8.1140,20.24
452037,8273300,"","ZI Invesco Developed Small and Mid-Cap Equity $","USDMW","USD","USD",1.6265,3691.400,6004.06,6004.06,20231018,1.000000,1.6573,23.36
452037,8275299,"PIC-ZL182","Adventurous Fund - Currency US Dollars","ADUSD","USD","USD",6.5863,10124.466,66682.77,66682.77,20231018,1.000000,4.6390,39.57
452037,8275299,"PIC-ZL182","Blue Chip Fund - Currency US Dollars","BCUSD","USD","USD",7.8683,4175.036,32850.43,32850.43,20231018,1.000000,6.8511,19.50
452037,8275299,"PIC-ZL182","Performance Fund - Currency US Dollars","PFUSD","USD","USD",8.6252,7996.672,68972.89,68972.89,20231018,1.000000,6.6368,40.93
452037,8277235,"","Adventurous Fund - Currency US Dollars","ADUSD","USD","USD",6.5863,1945.666,12814.73,12814.73,20231018,1.000000,4.5758,20.26
452037,8277235,"","Blue Chip Fund - Currency US Dollars","BCUSD","USD","USD",7.8683,1545.737,12162.32,12162.32,20231018,1.000000,6.1332,19.23
452037,8277235,"","Zurich Allocated Passive 80% Equity Fund - USD","B0169","USD","USD",1.5604,12479.327,19472.74,19472.74,20231018,1.000000,1.5125,30.79
452037,8277235,"","Performance Fund - Currency US Dollars","PFUSD","USD","USD",8.6252,2178.406,18789.18,18789.18,20231018,1.000000,6.0442,29.71
452037,8277359,"PIC13401","Adventurous Fund - Currency US Dollars","ADUSD","USD","USD",6.5863,2422.446,15954.95,15954.95,20231018,1.000000,4.2253,39.31
452037,8277359,"PIC13401","Blue Chip Fund - Currency US Dollars","BCUSD","USD","USD",7.8683,1012.802,7969.02,7969.02,20231018,1.000000,8.3129,19.63
452037,8277359,"PIC13401","Performance Fund - Currency US Dollars","PFUSD","USD","USD",8.6252,1932.278,16666.28,16666.28,20231018,1.000000,6.9609,41.06
452037,8281163,"","ZI Janus Hend Horizon Gbl Property Equities USD","BAUSD","USD","USD",1.5474,237.281,367.16,367.16,20231018,1.000000,1.4240,0.39
452037,8281163,"","Blue Chip Fund - Currency US Dollars","BCUSD","USD","USD",7.8683,200.607,1578.43,1578.43,20231018,1.000000,5.6667,1.69
452037,8281163,"","ZI Janus Henderson Continental European","CFEUR","EUR","USD",2.4449,582.792,1424.86,1488.88,20231018,0.956999,1.6472,1.59
452037,8281163,"","ZI Invesco UK Equity Income Fund (UK) Acc","CIGBP","GBP","USD",1.6662,410.396,683.80,823.05,20231018,0.830812,2.0083,0.88
452037,8281163,"","Defensive Fund - Currency US Dollar","DFUSD","USD","USD",2.0900,314.959,658.26,658.26,20231018,1.000000,2.0320,0.70
452037,8281163,"","ZI Fidelity Global Thematic Opportunities","FAUSD","USD","USD",2.7451,5266.473,14456.99,14456.99,20231018,1.000000,2.7572,15.48
452037,8281163,"","ZI BGF World Technology Fund A2 Acc USD","K2USD","USD","USD",7.0975,3468.904,24620.54,24620.54,20231018,1.000000,5.1144,26.36
452037,8281163,"","ZI Schroder ISF Global Convertible Bond A Acc $","R3USD","USD","USD",1.8527,9199.861,17044.58,17044.58,20231018,1.000000,1.9750,18.25
452037,8281163,"","ZI Franklin US Government fund","TCUSD","USD","USD",1.5372,257.595,395.97,395.97,20231018,1.000000,1.7973,0.42
452037,8281163,"","ZI Templeton Global Bond Fund","TEUSD","USD","USD",1.7803,153.379,273.06,273.06,20231018,1.000000,2.1999,0.29
452037,8281163,"","ZI Fidelity Funds America","USDFU","USD","USD",2.0654,670.311,1384.46,1384.46,20231018,1.000000,1.4964,1.48
452037,8281163,"","ZI Jupiter Global Fund India Select L","6FUSD","USD","USD",2.0489,14798.622,30320.89,30320.89,20231018,1.000000,1.4854,32.46
452037,8288957,"","Adventurous Fund - Currency US Dollars","ADUSD","USD","USD",6.5863,2201.940,14502.63,14502.63,20231018,1.000000,5.8572,39.81
452037,8288957,"","Blue Chip Fund - Currency US Dollars","BCUSD","USD","USD",7.8683,892.017,7018.65,7018.65,20231018,1.000000,7.2421,19.27
452037,8288957,"","Performance Fund - Currency US Dollars","PFUSD","USD","USD",8.6252,1728.661,14910.04,14910.04,20231018,1.000000,7.5131,40.93
452037,8299087,"","ZI Templeton Global Bond Fund","TEUSD","USD","USD",1.7803,2258.336,4020.51,4020.51,20231018,1.000000,2.1477,13.13
452037,8299087,"","ZI Fidelity Funds Global Dividend","USDFT","USD","USD",1.8350,4234.826,7770.90,7770.90,20231018,1.000000,1.7923,25.37
452037,8299087,"","ZI Fidelity World $","USDKV","USD","USD",2.0709,3426.851,7096.66,7096.66,20231018,1.000000,2.1234,23.17
452037,8299087,"","ZI Franklin High Yield $","USDMF","USD","USD",1.5643,2915.895,4561.33,4561.33,20231018,1.000000,1.6292,14.89
452037,8299087,"","ZI Jupiter Merlin Int. Equities Portfolio USD","Z9USD","USD","USD",2.2301,3220.045,7181.02,7181.02,20231018,1.000000,2.2601,23.44
452037,8307301,"PIC1281771","Adventurous Fund - Currency US Dollars","ADUSD","USD","USD",6.5863,5797.784,38185.94,38185.94,20231018,1.000000,6.9968,25.54
452037,8307301,"PIC1281771","Blue Chip Fund - Currency US Dollars","BCUSD","USD","USD",7.8683,6598.887,51922.02,51922.02,20231018,1.000000,7.6414,34.73
452037,8307301,"PIC1281771","Performance Fund - Currency US Dollars","PFUSD","USD","USD",8.6252,5284.862,45582.99,45582.99,20231018,1.000000,9.2112,30.49
452037,8307301,"PIC1281771","ZI Invesco Developed Small and Mid-Cap Equity $","USDMW","USD","USD",1.6265,8501.506,13827.69,13827.69,20231018,1.000000,1.9088,9.25
452037,8311517,"","ZI BlackRock GF Global Governnment Bond $A2","BPUSD","USD","USD",1.4985,9439.220,14144.67,14144.67,20231018,1.000000,1.5556,19.03
452037,8311517,"","ZI Schroder ISF Global Inflation Linked Bond US$","GAUSD","USD","USD",1.6696,8255.822,13783.92,13783.92,20231018,1.000000,1.7787,18.54
452037,8311517,"","ZI Fidelity World $","USDKV","USD","USD",2.0709,9077.987,18799.60,18799.60,20231018,1.000000,2.0216,25.29
452037,8311517,"","ZI Threadneedle (Lux) Global Select","USDYJ","USD","USD",1.7297,9070.328,15688.94,15688.94,20231018,1.000000,1.6186,21.10
452037,8311517,"","ZI Invesco Global Equity Income","7QUSD","USD","USD",2.6341,4526.118,11922.24,11922.24,20231018,1.000000,2.4324,16.04
452037,8312085,"","Blue Chip Fund - Currency US Dollars","BCUSD","USD","USD",7.8683,11671.426,91834.28,91834.28,20231018,1.000000,7.0351,20.49
452037,8312085,"","ZI Schroder ISF Global Inflation Linked Bond US$","GAUSD","USD","USD",1.6696,41233.418,68843.31,68843.31,20231018,1.000000,1.9283,15.36
452037,8312085,"","ZI Ninety One GSF Invt Grade Corp Bond A Acc Gross","G3USD","USD","USD",1.4919,47452.360,70794.17,70794.17,20231018,1.000000,1.6752,15.79
452037,8312085,"","ZI BlackRock Global Funds Sustainable Energy","MEUSD","USD","USD",2.0645,35923.425,74163.91,74163.91,20231018,1.000000,1.7972,16.55
452037,8312085,"","Performance Fund - Currency US Dollars","PFUSD","USD","USD",8.6252,16534.379,142612.32,142612.32,20231018,1.000000,6.8760,31.82
452037,8322327,"PIC-ZL335","Adventurous Fund - Currency US Dollars","ADUSD","USD","USD",6.5863,1304.781,8593.67,8593.67,20231018,1.000000,4.2057,20.73
452037,8322327,"PIC-ZL335","Blue Chip Fund - Currency US Dollars","BCUSD","USD","USD",7.8683,1095.041,8616.11,8616.11,20231018,1.000000,6.3841,20.78
452037,8322327,"PIC-ZL335","Performance Fund - Currency US Dollars","PFUSD","USD","USD",8.6252,1051.700,9071.12,9071.12,20231018,1.000000,5.9398,21.88
452037,8322327,"PIC-ZL335","ZI Canaccord Genuity Opportunity Fund","USDDL","USD","USD",1.7824,8513.388,15174.26,15174.26,20231018,1.000000,1.6494,36.60
452037,8322419,"","Adventurous Fund - Currency US Dollars","ADUSD","USD","USD",6.5863,3432.697,22608.77,22608.77,20231018,1.000000,5.2840,20.59
452037,8322419,"","Blue Chip Fund - Currency US Dollars","BCUSD","USD","USD",7.8683,4140.182,32576.19,32576.19,20231018,1.000000,7.9866,29.66
452037,8322419,"","Cautious Fund - Currency US Dollar","CTUSD","USD","USD",2.9005,7312.595,21210.18,21210.18,20231018,1.000000,3.0159,19.31
452037,8322419,"","Performance Fund - Currency US Dollars","PFUSD","USD","USD",8.6252,3875.083,33423.36,33423.36,20231018,1.000000,7.8605,30.44
452037,8326629,"","Adventurous Fund - Currency US Dollars","ADUSD","USD","EUR",6.5863,17340.877,114212.21,107136.68,20231018,1.066042,5.9524,71.73
452037,8326629,"","Performance Fund - Currency US Dollars","PFUSD","USD","EUR",8.6252,5219.946,45023.07,42233.86,20231018,1.066042,8.0978,28.27
452037,8335485,"","Adventurous Fund - Currency US Dollars","ADUSD","USD","USD",6.5863,7237.291,47666.96,47666.96,20231018,1.000000,5.7715,40.32
452037,8335485,"","Blue Chip Fund - Currency US Dollars","BCUSD","USD","USD",7.8683,2945.758,23178.10,23178.10,20231018,1.000000,8.6209,19.61
452037,8335485,"","Performance Fund - Currency US Dollars","PFUSD","USD","USD",8.6252,5492.209,47371.40,47371.40,20231018,1.000000,8.3113,40.07
452037,8336242,"","Adventurous Fund - Currency US Dollars","ADUSD","USD","USD",6.5863,2738.891,18039.15,18039.15,20231018,1.000000,4.8493,40.15
452037,8336242,"","Blue Chip Fund - Currency US Dollars","BCUSD","USD","USD",7.8683,1078.222,8483.77,8483.77,20231018,1.000000,6.1921,18.88
452037,8336242,"","Performance Fund - Currency US Dollars","PFUSD","USD","USD",8.6252,2133.715,18403.71,18403.71,20231018,1.000000,6.2325,40.96
452037,8341628,"","Adventurous Fund - Currency US Dollars","ADUSD","USD","USD",6.5863,2575.590,16963.60,16963.60,20231018,1.000000,5.3774,25.12
452037,8341628,"","Blue Chip Fund - Currency US Dollars","BCUSD","USD","USD",7.8683,3015.016,23723.05,23723.05,20231018,1.000000,7.6578,35.13
452037,8341628,"","Performance Fund - Currency US Dollars","PFUSD","USD","USD",8.6252,2388.714,20603.13,20603.13,20231018,1.000000,7.6310,30.51
452037,8341628,"","ZI Invesco Developed Small and Mid-Cap Equity $","USDMW","USD","USD",1.6265,3839.796,6245.42,6245.42,20231018,1.000000,2.0082,9.25
452037,8341768,"","Adventurous Fund - Currency US Dollars","ADUSD","USD","USD",6.5863,3804.946,25060.51,25060.51,20231018,1.000000,7.3035,37.73
452037,8341768,"","Blue Chip Fund - Currency US Dollars","BCUSD","USD","USD",7.8683,2584.764,20337.69,20337.69,20231018,1.000000,7.4731,30.62
452037,8341768,"","ZI JP Morgan Pacific Securities Fund","JAUSD","USD","USD",9.1164,334.618,3050.51,3050.51,20231018,1.000000,9.1888,4.59
452037,8341768,"","Performance Fund - Currency US Dollars","PFUSD","USD","USD",8.6252,2083.411,17969.83,17969.83,20231018,1.000000,7.6296,27.06
452037,8343328,"N257657","Blue Chip Fund - Currency US Dollars","BCUSD","USD","USD",7.8683,3550.292,27934.76,27934.76,20231018,1.000000,7.2755,100.00
452037,8346451,"","Adventurous Fund - Currency US Dollars","ADUSD","USD","USD",6.5863,5107.197,33637.53,33637.53,20231018,1.000000,4.9652,38.89
452037,8346451,"","Blue Chip Fund - Currency US Dollars","BCUSD","USD","USD",7.8683,2229.718,17544.09,17544.09,20231018,1.000000,9.2855,20.28
452037,8346451,"","Performance Fund - Currency US Dollars","PFUSD","USD","USD",8.6252,4094.523,35316.07,35316.07,20231018,1.000000,8.1259,40.83
452037,8351692,"","Money Market Fund - Currency US Dollars","SEUSD","USD","USD",2.1933,1764.715,3870.54,3870.54,20231018,1.000000,2.1024,10.63
452037,8351692,"","ZI Templeton Global Total Return Fund","TDUSD","USD","USD",1.9028,3324.112,6325.12,6325.12,20231018,1.000000,2.5794,17.38
452037,8351692,"","ZI Fidelity Funds Global Dividend","USDFT","USD","USD",1.8350,2469.917,4532.29,4532.29,20231018,1.000000,1.4097,12.45
452037,8351692,"","ZI Fidelity World $","USDKV","USD","USD",2.0709,4139.337,8572.15,8572.15,20231018,1.000000,1.6431,23.55
452037,8351692,"","ZI Franklin High Yield $","USDMF","USD","USD",1.5643,5873.243,9187.51,9187.51,20231018,1.000000,1.4633,25.24
452037,8351692,"","ZI Jupiter Merlin Int. Equities Portfolio USD","Z9USD","USD","USD",2.2301,1753.342,3910.12,3910.12,20231018,1.000000,1.9382,10.74
452037,8353118,"","Adventurous Fund - Currency US Dollars","ADUSD","USD","USD",6.5863,1490.897,9819.49,9819.49,20231018,1.000000,6.0860,40.74
452037,8353118,"","Performance Fund - Currency US Dollars","PFUSD","USD","USD",8.6252,570.569,4921.27,4921.27,20231018,1.000000,7.5766,20.42
452037,8353118,"","ZI Invesco Developed Small and Mid-Cap Equity $","USDMW","USD","USD",1.6265,5754.799,9360.18,9360.18,20231018,1.000000,1.8512,38.84
452037,8354322,"","ZI Templeton Global Bond Fund","TEUSD","USD","USD",1.7803,2298.756,4092.47,4092.47,20231018,1.000000,2.0930,8.85
452037,8354322,"","ZI Fidelity Funds Global Dividend","USDFT","USD","USD",1.8350,7963.425,14612.88,14612.88,20231018,1.000000,1.6312,31.60
452037,8354322,"","ZI Fidelity World $","USDKV","USD","USD",2.0709,6588.163,13643.42,13643.42,20231018,1.000000,1.8062,29.50
452037,8354322,"","ZI Jupiter Merlin Int. Equities Portfolio USD","Z9USD","USD","USD",2.2301,6233.229,13900.72,13900.72,20231018,1.000000,2.0719,30.06
452037,8358859,"","Adventurous Fund - Currency US Dollars","ADUSD","USD","USD",6.5863,2477.359,16316.62,16316.62,20231018,1.000000,7.2766,20.10
452037,8358859,"","Blue Chip Fund - Currency US Dollars","BCUSD","USD","USD",7.8683,6161.114,48477.49,48477.49,20231018,1.000000,8.7775,59.71
452037,8358859,"","Performance Fund - Currency US Dollars","PFUSD","USD","USD",8.6252,1900.920,16395.81,16395.81,20231018,1.000000,9.4828,20.19
452037,8359395,"","Adventurous Fund - Currency US Dollars","ADUSD","USD","USD",6.5863,14506.226,95542.35,95542.35,20231018,1.000000,5.0604,40.80
452037,8359395,"","Blue Chip Fund - Currency US Dollars","BCUSD","USD","USD",7.8683,4692.342,36920.75,36920.75,20231018,1.000000,8.7021,15.77
452037,8359395,"","Performance Fund - Currency US Dollars","PFUSD","USD","USD",8.6252,5802.412,50046.96,50046.96,20231018,1.000000,5.9328,21.37
452037,8359395,"","ZI Invesco Developed Small and Mid-Cap Equity $","USDMW","USD","USD",1.6265,31774.562,51681.32,51681.32,20231018,1.000000,2.1441,22.07
452037,8363983,"","ZI BlackRock GF Global Governnment Bond $A2","BPUSD","USD","USD",1.4985,22511.005,33732.74,33732.74,20231018,1.000000,1.5529,19.92
452037,8363983,"","ZI Schroder ISF Global Inflation Linked Bond US$","GAUSD","USD","USD",1.6696,20148.403,33639.77,33639.77,20231018,1.000000,1.7350,19.86
452037,8363983,"","ZI Fidelity World $","USDKV","USD","USD",2.0709,20276.668,41990.95,41990.95,20231018,1.000000,1.8523,24.80
452037,8363983,"","ZI Threadneedle (Lux) Global Select","USDYJ","USD","USD",1.7297,20008.244,34608.25,34608.25,20231018,1.000000,1.7471,20.44
452037,8363983,"","ZI Invesco Global Equity Income","7QUSD","USD","USD",2.6341,9632.224,25372.24,25372.24,20231018,1.000000,2.7219,14.98
452037,8363991,"","Adventurous Fund - Currency US Dollars","ADUSD","USD","USD",6.5863,6808.044,44839.82,44839.82,20231018,1.000000,5.2320,39.31
452037,8363991,"","Blue Chip Fund - Currency US Dollars","BCUSD","USD","USD",7.8683,2884.666,22697.41,22697.41,20231018,1.000000,8.5408,19.90
452037,8363991,"","Performance Fund - Currency US Dollars","PFUSD","USD","USD",8.6252,5395.700,46538.99,46538.99,20231018,1.000000,8.0519,40.80
452037,8364575,"","Adventurous Fund - Currency US Dollars","ADUSD","USD","USD",6.5863,2330.788,15351.26,15351.26,20231018,1.000000,6.5474,20.37
452037,8364575,"","Blue Chip Fund - Currency US Dollars","BCUSD","USD","USD",7.8683,1846.187,14526.35,14526.35,20231018,1.000000,8.2660,19.27
452037,8364575,"","Zurich Allocated Passive 80% Equity Fund - USD","B0169","USD","USD",1.5604,14835.406,23149.16,23149.16,20231018,1.000000,1.5430,30.71
452037,8364575,"","Performance Fund - Currency US Dollars","PFUSD","USD","USD",8.6252,2591.378,22351.15,22351.15,20231018,1.000000,8.8335,29.65
452037,8367342,"","ZI Templeton Global Total Return Fund","TDUSD","USD","USD",1.9028,6115.619,11636.79,11636.79,20231018,1.000000,2.5185,15.17
452037,8367342,"","ZI Templeton Global Bond Fund","TEUSD","USD","USD",1.7803,3473.083,6183.12,6183.12,20231018,1.000000,2.2146,8.06
452037,8367342,"","ZI Fidelity Funds Global Dividend","USDFT","USD","USD",1.8350,4655.999,8543.75,8543.75,20231018,1.000000,1.6452,11.14
452037,8367342,"","ZI Fidelity World $","USDKV","USD","USD",2.0709,8634.748,17881.69,17881.69,20231018,1.000000,1.7717,23.32
452037,8367342,"","ZI Franklin High Yield $","USDMF","USD","USD",1.5643,9940.307,15549.62,15549.62,20231018,1.000000,1.5431,20.28
452037,8367342,"","ZI Jupiter Merlin Int. Equities Portfolio USD","Z9USD","USD","USD",2.2301,7577.382,16898.31,16898.31,20231018,1.000000,2.0216,22.03
452037,8369915,"","Adventurous Fund - Currency US Dollars","ADUSD","USD","USD",6.5863,2897.653,19084.81,19084.81,20231018,1.000000,5.9155,24.80
452037,8369915,"","Blue Chip Fund - Currency US Dollars","BCUSD","USD","USD",7.8683,3478.916,27373.15,27373.15,20231018,1.000000,8.7430,35.58
452037,8369915,"","Performance Fund - Currency US Dollars","PFUSD","USD","USD",8.6252,2756.356,23774.12,23774.12,20231018,1.000000,8.6598,30.90
452037,8369915,"","ZI Invesco Developed Small and Mid-Cap Equity $","USDMW","USD","USD",1.6265,4127.148,6712.80,6712.80,20231018,1.000000,2.1082,8.72
452037,8371073,"","Adventurous Fund - Currency US Dollars","ADUSD","USD","USD",6.5863,1497.338,9861.91,9861.91,20231018,1.000000,5.4528,19.44
452037,8371073,"","Blue Chip Fund - Currency US Dollars","BCUSD","USD","USD",7.8683,1946.044,15312.05,15312.05,20231018,1.000000,8.9895,30.18
452037,8371073,"","Cautious Fund - Currency US Dollar","CTUSD","USD","USD",2.9005,3460.960,10038.51,10038.51,20231018,1.000000,3.3699,19.79
452037,8371073,"","Performance Fund - Currency US Dollars","PFUSD","USD","USD",8.6252,1799.411,15520.27,15520.27,20231018,1.000000,8.2963,30.59
452037,8378017,"","ZI BlackRock GF Global Governnment Bond $A2","BPUSD","USD","USD",1.4985,3635.799,5448.24,5448.24,20231018,1.000000,1.5507,19.12
452037,8378017,"","ZI Schroder ISF Global Inflation Linked Bond US$","GAUSD","USD","USD",1.6696,3217.743,5372.34,5372.34,20231018,1.000000,1.7522,18.86
452037,8378017,"","ZI Fidelity World $","USDKV","USD","USD",2.0709,3504.072,7256.58,7256.58,20231018,1.000000,1.8768,25.47
452037,8378017,"","ZI Threadneedle (Lux) Global Select","USDYJ","USD","USD",1.7297,3494.018,6043.60,6043.60,20231018,1.000000,1.6134,21.21
452037,8378017,"","ZI Invesco Global Equity Income","7QUSD","USD","USD",2.6341,1658.677,4369.12,4369.12,20231018,1.000000,2.5490,15.34
452037,8378280,"DVA14046/1","Adventurous Fund - Currency US Dollars","ADUSD","USD","USD",6.5863,2838.784,18697.08,18697.08,20231018,1.000000,5.9372,25.76
452037,8378280,"DVA14046/1","Blue Chip Fund - Currency US Dollars","BCUSD","USD","USD",7.8683,3189.400,25095.15,25095.15,20231018,1.000000,8.5279,34.57
452037,8378280,"DVA14046/1","Performance Fund - Currency US Dollars","PFUSD","USD","USD",8.6252,2561.026,22089.36,22089.36,20231018,1.000000,8.6937,30.43
452037,8378280,"DVA14046/1","ZI Invesco Developed Small and Mid-Cap Equity $","USDMW","USD","USD",1.6265,4124.764,6708.92,6708.92,20231018,1.000000,1.7635,9.24
452037,8380266,"","ZI BlackRock GF Global Governnment Bond $A2","BPUSD","USD","USD",1.4985,1818.099,2724.42,2724.42,20231018,1.000000,1.5568,19.97
452037,8380266,"","ZI Schroder ISF Global Inflation Linked Bond US$","GAUSD","USD","USD",1.6696,1635.606,2730.80,2730.80,20231018,1.000000,1.7016,20.01
452037,8380266,"","ZI Fidelity World $","USDKV","USD","USD",2.0709,1614.052,3342.54,3342.54,20231018,1.000000,2.1554,24.50
452037,8380266,"","ZI Threadneedle (Lux) Global Select","USDYJ","USD","USD",1.7297,1610.895,2786.36,2786.36,20231018,1.000000,1.7277,20.42
452037,8380266,"","ZI Invesco Global Equity Income","7QUSD","USD","USD",2.6341,782.599,2061.44,2061.44,20231018,1.000000,2.6672,15.11
452037,8380284,"","ZI BlackRock GF Global Governnment Bond $A2","BPUSD","USD","USD",1.4985,1937.815,2903.81,2903.81,20231018,1.000000,1.5637,20.16
452037,8380284,"","ZI Schroder ISF Global Inflation Linked Bond US$","GAUSD","USD","USD",1.6696,1733.129,2893.63,2893.63,20231018,1.000000,1.7240,20.09
452037,8380284,"","ZI Fidelity World $","USDKV","USD","USD",2.0709,1725.604,3573.55,3573.55,20231018,1.000000,2.1644,24.81
452037,8380284,"","ZI Threadneedle (Lux) Global Select","USDYJ","USD","USD",1.7297,1682.007,2909.36,2909.36,20231018,1.000000,1.7764,20.20
452037,8380284,"","ZI Invesco Global Equity Income","7QUSD","USD","USD",2.6341,805.365,2121.41,2121.41,20231018,1.000000,2.7825,14.73
452037,8380292,"","Adventurous Fund - Currency US Dollars","ADUSD","USD","USD",6.5863,1825.376,12022.47,12022.47,20231018,1.000000,5.9447,41.88
452037,8380292,"","Blue Chip Fund - Currency US Dollars","BCUSD","USD","USD",7.8683,528.676,4159.78,4159.78,20231018,1.000000,6.3706,14.49
452037,8380292,"","Performance Fund - Currency US Dollars","PFUSD","USD","USD",8.6252,670.649,5784.48,5784.48,20231018,1.000000,8.0899,20.15
452037,8380292,"","ZI Invesco Developed Small and Mid-Cap Equity $","USDMW","USD","USD",1.6265,4145.316,6742.35,6742.35,20231018,1.000000,1.6361,23.49
452037,8383602,"","Blue Chip Fund - Currency Sterling","BCGBP","GBP","GBP",6.4772,1988.958,12882.87,12882.87,20231018,1.000000,6.6550,30.66
452037,8383602,"","ZI Jupiter Ecology fund","GDGBP","GBP","GBP",5.0517,952.297,4810.71,4810.71,20231018,1.000000,3.9273,11.45
452037,8383602,"","ZI CT Global Select.","GMGBP","GBP","GBP",3.1580,3177.973,10036.03,10036.03,20231018,1.000000,2.3530,23.89
452037,8383602,"","Performance Fund - Currency Sterling","PFGBP","GBP","GBP",8.3862,1703.563,14286.42,14286.42,20231018,1.000000,7.7448,34.00
452037,8385380,"PIC-ZL388","Adventurous Fund - Currency US Dollars","ADUSD","USD","USD",6.5863,2080.577,13703.30,13703.30,20231018,1.000000,4.7472,14.78
452037,8385380,"PIC-ZL388","Performance Fund - Currency US Dollars","PFUSD","USD","USD",8.6252,9157.138,78982.14,78982.14,20231018,1.000000,7.6308,85.22
452037,8387197,"","Adventurous Fund - Currency US Dollars","ADUSD","USD","USD",6.5863,1962.365,12924.72,12924.72,20231018,1.000000,4.3659,38.89
452037,8387197,"","Blue Chip Fund - Currency US Dollars","BCUSD","USD","USD",7.8683,850.918,6695.27,6695.27,20231018,1.000000,8.7724,20.15
452037,8387197,"","Performance Fund - Currency US Dollars","PFUSD","USD","USD",8.6252,1577.979,13610.38,13610.38,20231018,1.000000,7.3638,40.96
452037,8390034,"N253158","ZI Schroder ISF Global Inflation Linked Bond US$","GAUSD","USD","USD",1.6696,8389.428,14006.98,14006.98,20231018,1.000000,1.6944,19.77
452037,8390034,"N253158","ZI Ninety One GSF Global Strategic Equity Fund","GMUSD","USD","USD",2.7997,5091.104,14253.56,14253.56,20231018,1.000000,2.7922,20.12
452037,8390034,"N253158","ZI Fidelity World $","USDKV","USD","USD",2.0709,8511.299,17626.04,17626.04,20231018,1.000000,1.9286,24.88
452037,8390034,"N253158","ZI Threadneedle (Lux) Global Select","USDYJ","USD","USD",1.7297,8346.021,14436.11,14436.11,20231018,1.000000,1.7032,20.38
452037,8390034,"N253158","ZI Invesco Global Equity Income","7QUSD","USD","USD",2.6341,3993.473,10519.20,10519.20,20231018,1.000000,2.6697,14.85
452037,8390725,"","Blue Chip Fund - Currency US Dollars","BCUSD","USD","USD",7.8683,5404.243,42522.20,42522.20,20231018,1.000000,7.8843,39.90
452037,8390725,"","Cautious Fund - Currency US Dollar","CTUSD","USD","USD",2.9005,5444.840,15792.75,15792.75,20231018,1.000000,3.1498,14.82
452037,8390725,"","Defensive Fund - Currency US Dollar","DFUSD","USD","USD",2.0900,5010.120,10471.15,10471.15,20231018,1.000000,2.2818,9.83
452037,8390725,"","Performance Fund - Currency US Dollars","PFUSD","USD","USD",8.6252,4381.011,37787.09,37787.09,20231018,1.000000,7.7663,35.46
452037,8390854,"PIC1306714","ZI Blackrock Global Allocation EUR","BHEUR","EUR","USD",2.9967,4265.749,12783.17,13357.55,20231018,0.956999,2.4836,100.00
452037,8391186,"","Adventurous Fund - Currency US Dollars","ADUSD","USD","USD",6.5863,411.945,2713.19,2713.19,20231018,1.000000,8.1824,24.35
452037,8391186,"","Blue Chip Fund - Currency US Dollars","BCUSD","USD","USD",7.8683,506.590,3986.00,3986.00,20231018,1.000000,7.5029,35.77
452037,8391186,"","Performance Fund - Currency US Dollars","PFUSD","USD","USD",8.6252,400.054,3450.54,3450.54,20231018,1.000000,10.1108,30.96
452037,8391186,"","ZI Invesco Developed Small and Mid-Cap Equity $","USDMW","USD","USD",1.6265,611.016,993.81,993.81,20231018,1.000000,2.2067,8.92
452037,8396166,"","ZI Schroder ISF Global Climate Change Equity A Acc","CLUSD","USD","USD",2.2633,10306.976,23327.77,23327.77,20231018,1.000000,2.9167,35.66
452037,8396166,"","ZI Jupiter Global Funds European Growth.","USDGE","USD","USD",2.6092,11454.992,29888.36,29888.36,20231018,1.000000,2.7865,45.69
452037,8396166,"","ZI Threadneedle (Lux) American Smaller Companies","USDXX","USD","USD",2.1002,5808.339,12198.67,12198.67,20231018,1.000000,2.3520,18.65
452037,8397322,"","Adventurous Fund - Currency US Dollars","ADUSD","USD","USD",6.5863,4695.849,30928.27,30928.27,20231018,1.000000,5.1737,39.09
452037,8397322,"","Blue Chip Fund - Currency US Dollars","BCUSD","USD","USD",7.8683,2019.447,15889.61,15889.61,20231018,1.000000,8.7075,20.08
452037,8397322,"","Performance Fund - Currency US Dollars","PFUSD","USD","USD",8.6252,3745.462,32305.35,32305.35,20231018,1.000000,8.0789,40.83
452037,8413461,"","Adventurous Fund - Currency US Dollars","ADUSD","USD","USD",6.5863,2923.110,19252.47,19252.47,20231018,1.000000,5.4620,39.61
452037,8413461,"","Blue Chip Fund - Currency US Dollars","BCUSD","USD","USD",7.8683,1193.136,9387.95,9387.95,20231018,1.000000,6.7542,19.31
452037,8413461,"","Performance Fund - Currency US Dollars","PFUSD","USD","USD",8.6252,2314.722,19964.94,19964.94,20231018,1.000000,6.9430,41.08
452037,8415510,"","Blue Chip Fund - Currency US Dollars","BCUSD","USD","USD",7.8683,1009.492,7942.98,7942.98,20231018,1.000000,6.4387,20.58
452037,8415510,"","Cautious Fund - Currency US Dollar","CTUSD","USD","USD",2.9005,4007.785,11624.58,11624.58,20231018,1.000000,2.6730,30.12
452037,8415510,"","Defensive Fund - Currency US Dollar","DFUSD","USD","USD",2.0900,9101.537,19022.21,19022.21,20231018,1.000000,2.0682,49.29
452037,8435785,"","Adventurous Fund - Currency US Dollars","ADUSD","USD","USD",6.5863,8361.767,55073.10,55073.10,20231018,1.000000,6.5949,41.75
452037,8435785,"","Performance Fund - Currency US Dollars","PFUSD","USD","USD",8.6252,3146.484,27139.05,27139.05,20231018,1.000000,8.5596,20.57
452037,8435785,"","ZI Invesco Developed Small and Mid-Cap Equity $","USDMW","USD","USD",1.6265,30558.691,49703.71,49703.71,20231018,1.000000,1.7581,37.68
452037,8472701,"","Adventurous Fund - Currency US Dollars","ADUSD","USD","USD",6.5863,3087.542,20335.47,20335.47,20231018,1.000000,6.0241,19.13
452037,8472701,"","ZI Ninety One GSF Global Strategic Equity Fund","GMUSD","USD","USD",2.7997,7662.195,21451.84,21451.84,20231018,1.000000,2.7261,20.18
452037,8472701,"","ZI Fidelity World $","USDKV","USD","USD",2.0709,12763.836,26432.62,26432.62,20231018,1.000000,2.0456,24.87
452037,8472701,"","ZI Threadneedle (Lux) Global Select","USDYJ","USD","USD",1.7297,12721.135,22003.74,22003.74,20231018,1.000000,1.6419,20.70
452037,8472701,"","ZI Invesco Global Equity Income","7QUSD","USD","USD",2.6341,6099.702,16067.22,16067.22,20231018,1.000000,2.5682,15.12
452037,8477496,"","Blue Chip Fund - Currency US Dollars","BCUSD","USD","USD",7.8683,788.447,6203.73,6203.73,20231018,1.000000,7.9209,14.54
452037,8477496,"","ZI Schroder ISF Asian Bond Total Return","CBUSD","USD","USD",1.6655,6188.906,10307.62,10307.62,20231018,1.000000,1.6963,24.15
452037,8477496,"","ZI Morgan Stanley Global Bond fund","DBUSD","USD","USD",1.8809,2730.219,5135.26,5135.26,20231018,1.000000,2.3268,12.03
452037,8477496,"","ZI Invesco Bond Fund - USD A - SD","OPUSD","USD","USD",1.2922,2608.433,3370.61,3370.61,20231018,1.000000,1.6248,7.90
452037,8477496,"","Money Market Fund - Currency US Dollars","SEUSD","USD","USD",2.1933,1979.938,4342.59,4342.59,20231018,1.000000,2.1170,10.18
452037,8477496,"","ZI Fidelity Global Technology $","USDKU","USD","USD",4.3961,3029.105,13316.24,13316.24,20231018,1.000000,3.3719,31.20
452037,8478124,"","Blue Chip Fund - Currency Sterling","BCGBP","GBP","USD",6.4772,5406.739,35020.52,42152.16,20231018,0.830812,6.9480,7.26
452037,8478124,"","Blue Chip Fund - Currency US Dollars","BCUSD","USD","USD",7.8683,6369.987,50120.96,50120.96,20231018,1.000000,7.6448,8.63
452037,8478124,"","ZI BlackRock GF Global Governnment Bond $A2","BPUSD","USD","USD",1.4985,25116.662,37637.31,37637.31,20231018,1.000000,1.7429,6.48
452037,8478124,"","ZI Ninety One GSF Invt Grade Corp Bond A Acc Gross","G3USD","USD","USD",1.4919,25049.812,37371.81,37371.81,20231018,1.000000,1.7277,6.44
452037,8478124,"","ZI BGF World Technology Fund A2 Acc USD","K2USD","USD","USD",7.0975,17055.491,121051.34,121051.34,20231018,1.000000,5.4429,20.85
452037,8478124,"","ZI Jupiter Global Funds European Growth.","USDGE","USD","USD",2.6092,38779.665,101183.90,101183.90,20231018,1.000000,2.2472,17.43
452037,8478124,"","ZI Fidelity Global Technology $","USDKU","USD","USD",4.3961,43456.684,191039.92,191039.92,20231018,1.000000,2.7539,32.91
452037,8478150,"","Adventurous Fund - Currency US Dollars","ADUSD","USD","USD",6.5863,10091.661,66466.70,66466.70,20231018,1.000000,6.5964,19.19
452037,8478150,"","ZI Ninety One GSF Global Strategic Equity Fund","GMUSD","USD","USD",2.7997,25121.854,70333.65,70333.65,20231018,1.000000,2.6496,20.31
452037,8478150,"","ZI Fidelity World $","USDKV","USD","USD",2.0709,41429.260,85795.85,85795.85,20231018,1.000000,2.0085,24.78
452037,8478150,"","ZI Threadneedle (Lux) Global Select","USDYJ","USD","USD",1.7297,41517.384,71812.61,71812.61,20231018,1.000000,1.6033,20.74
452037,8478150,"","ZI Invesco Global Equity Income","7QUSD","USD","USD",2.6341,19696.521,51882.60,51882.60,20231018,1.000000,2.5324,14.98
452037,8478158,"","Blue Chip Fund - Currency Sterling","BCGBP","GBP","USD",6.4772,1050.335,6803.22,8188.64,20231018,0.830812,6.9492,8.19
452037,8478158,"","Blue Chip Fund - Currency US Dollars","BCUSD","USD","USD",7.8683,1204.979,9481.13,9481.13,20231018,1.000000,7.8043,9.48
452037,8478158,"","ZI BlackRock GF Global Governnment Bond $A2","BPUSD","USD","USD",1.4985,5468.811,8195.01,8195.01,20231018,1.000000,1.7361,8.20
452037,8478158,"","ZI Ninety One GSF Invt Grade Corp Bond A Acc Gross","G3USD","USD","USD",1.4919,11022.437,16444.37,16444.37,20231018,1.000000,1.7209,16.45
452037,8478158,"","ZI BGF World Technology Fund A2 Acc USD","K2USD","USD","USD",7.0975,2257.931,16025.66,16025.66,20231018,1.000000,6.1749,16.03
452037,8478158,"","ZI Jupiter Global Funds European Growth.","USDGE","USD","USD",2.6092,3903.394,10184.73,10184.73,20231018,1.000000,2.4107,10.19
452037,8478158,"","ZI Fidelity Global Technology $","USDKU","USD","USD",4.3961,7153.500,31447.50,31447.50,20231018,1.000000,3.2455,31.46
452037,8478354,"","Blue Chip Fund - Currency Sterling","BCGBP","GBP","USD",6.4772,696.344,4510.35,5428.84,20231018,0.830812,6.8853,8.77
452037,8478354,"","Blue Chip Fund - Currency US Dollars","BCUSD","USD","USD",7.8683,802.497,6314.28,6314.28,20231018,1.000000,7.9383,10.20
452037,8478354,"","ZI BlackRock GF Global Governnment Bond $A2","BPUSD","USD","USD",1.4985,7043.208,10554.24,10554.24,20231018,1.000000,1.8140,17.04
452037,8478354,"","ZI Ninety One GSF Invt Grade Corp Bond A Acc Gross","G3USD","USD","USD",1.4919,7024.586,10479.97,10479.97,20231018,1.000000,1.8179,16.93
452037,8478354,"","ZI BGF World Technology Fund A2 Acc USD","K2USD","USD","USD",7.0975,1345.525,9549.86,9549.86,20231018,1.000000,7.0760,15.42
452037,8478354,"","ZI Jupiter Global Funds European Growth.","USDGE","USD","USD",2.6092,2685.814,7007.82,7007.82,20231018,1.000000,2.3719,11.32
452037,8478354,"","ZI Fidelity Global Technology $","USDKU","USD","USD",4.3961,2862.774,12585.04,12585.04,20231018,1.000000,3.3272,20.32
452037,8479382,"","ZI HSBC Islamic Global Equity Index AC","HFUSD","USD","USD",4.5972,746.827,3433.31,3433.31,20231018,1.000000,4.1628,50.81
452037,8479382,"","ZI Emirates Global Sukuk A Acc","I3USD","USD","USD",1.4937,464.196,693.36,693.36,20231018,1.000000,1.4926,10.26
452037,8479382,"","ZI Emirates Emerging Markets Equity","7VUSD","USD","USD",0.8828,2979.124,2629.97,2629.97,20231018,1.000000,1.1325,38.92
452037,8480135,"","Adventurous Fund - Currency US Dollars","ADUSD","USD","USD",6.5863,5898.129,38846.84,38846.84,20231018,1.000000,6.0288,50.21
452037,8480135,"","Blue Chip Fund - Currency US Dollars","BCUSD","USD","USD",7.8683,1904.285,14983.48,14983.48,20231018,1.000000,7.7482,19.37
452037,8480135,"","Performance Fund - Currency US Dollars","PFUSD","USD","USD",8.6252,2729.586,23543.22,23543.22,20231018,1.000000,7.9281,30.43
452037,8480365,"","Blue Chip Fund - Currency US Dollars","BCUSD","USD","USD",7.8683,1941.750,15278.27,15278.27,20231018,1.000000,7.6921,14.52
452037,8480365,"","ZI Schroder ISF Asian Bond Total Return","CBUSD","USD","USD",1.6655,14880.610,24783.65,24783.65,20231018,1.000000,1.6805,23.56
452037,8480365,"","ZI Morgan Stanley Global Bond fund","DBUSD","USD","USD",1.8809,6446.251,12124.75,12124.75,20231018,1.000000,2.3347,11.53
452037,8480365,"","ZI Invesco Bond Fund - USD A - SD","OPUSD","USD","USD",1.2922,6145.782,7941.57,7941.57,20231018,1.000000,1.6323,7.55
452037,8480365,"","Money Market Fund - Currency US Dollars","SEUSD","USD","USD",2.1933,4721.889,10356.51,10356.51,20231018,1.000000,2.1204,9.85
452037,8480365,"","ZI Fidelity Global Technology $","USDKU","USD","USD",4.3961,7893.709,34701.53,34701.53,20231018,1.000000,3.1219,32.99
452037,8480661,"","Blue Chip Fund - Currency Sterling","BCGBP","GBP","USD",6.4772,1195.776,7745.28,9322.54,20231018,0.830812,6.9459,18.38
452037,8480661,"","Blue Chip Fund - Currency US Dollars","BCUSD","USD","USD",7.8683,1289.065,10142.75,10142.75,20231018,1.000000,8.3887,20.00
452037,8480661,"","ZI BlackRock GF Global Governnment Bond $A2","BPUSD","USD","USD",1.4985,8035.155,12040.67,12040.67,20231018,1.000000,1.6863,23.74
452037,8480661,"","ZI BGF World Technology Fund A2 Acc USD","K2USD","USD","USD",7.0975,1079.213,7659.71,7659.71,20231018,1.000000,7.5661,15.10
452037,8480661,"","ZI Fidelity Global Technology $","USDKU","USD","USD",4.3961,2629.334,11558.81,11558.81,20231018,1.000000,4.1036,22.79
452037,8486827,"","Blue Chip Fund - Currency Sterling","BCGBP","GBP","USD",6.4772,2568.870,16639.08,20027.49,20231018,0.830812,7.0031,8.24
452037,8486827,"","Blue Chip Fund - Currency US Dollars","BCUSD","USD","USD",7.8683,2982.428,23466.63,23466.63,20231018,1.000000,7.9607,9.65
452037,8486827,"","ZI BlackRock GF Global Governnment Bond $A2","BPUSD","USD","USD",1.4985,13539.492,20288.92,20288.92,20231018,1.000000,1.7674,8.34
452037,8486827,"","ZI Ninety One GSF Invt Grade Corp Bond A Acc Gross","G3USD","USD","USD",1.4919,27073.852,40391.47,40391.47,20231018,1.000000,1.7659,16.61
452037,8486827,"","Money Market Fund - Currency US Dollars","SEUSD","USD","USD",2.1933,16927.506,37127.09,37127.09,20231018,1.000000,2.1137,15.27
452037,8486827,"","ZI Jupiter Global Funds European Growth.","USDGE","USD","USD",2.6092,9646.400,25169.38,25169.38,20231018,1.000000,2.4616,10.35
452037,8486827,"","ZI Fidelity Global Technology $","USDKU","USD","USD",4.3961,17452.303,76722.06,76722.06,20231018,1.000000,3.3668,31.55
452037,8487574,"","Blue Chip Fund - Currency Sterling","BCGBP","GBP","USD",6.4772,1271.688,8236.97,9914.36,20231018,0.830812,6.8644,17.12
452037,8487574,"","Blue Chip Fund - Currency US Dollars","BCUSD","USD","USD",7.8683,1087.045,8553.19,8553.19,20231018,1.000000,7.9615,14.77
452037,8487574,"","ZI BlackRock GF Global Governnment Bond $A2","BPUSD","USD","USD",1.4985,4843.647,7258.20,7258.20,20231018,1.000000,1.7953,12.54
452037,8487574,"","ZI Ninety One GSF Invt Grade Corp Bond A Acc Gross","G3USD","USD","USD",1.4919,4837.363,7216.86,7216.86,20231018,1.000000,1.7969,12.46
452037,8487574,"","ZI Jupiter Global Funds European Growth.","USDGE","USD","USD",2.6092,2410.045,6288.28,6288.28,20231018,1.000000,2.3916,10.86
452037,8487574,"","ZI Fidelity Global Technology $","USDKU","USD","USD",4.3961,4246.412,18667.65,18667.65,20231018,1.000000,3.3787,32.24
452037,8491693,"","Adventurous Fund - Currency US Dollars","ADUSD","USD","USD",6.5863,472.468,3111.81,3111.81,20231018,1.000000,7.4365,19.73
452037,8491693,"","Blue Chip Fund - Currency US Dollars","BCUSD","USD","USD",7.8683,602.256,4738.73,4738.73,20231018,1.000000,8.7420,30.05
452037,8491693,"","Cautious Fund - Currency US Dollar","CTUSD","USD","USD",2.9005,1072.590,3111.04,3111.04,20231018,1.000000,3.2728,19.73
452037,8491693,"","Performance Fund - Currency US Dollars","PFUSD","USD","USD",8.6252,557.606,4809.46,4809.46,20231018,1.000000,9.4425,30.50
452037,8496532,"","ZI Schroder ISF Global Inflation Linked Bond US$","GAUSD","USD","USD",1.6696,4974.460,8305.35,8305.35,20231018,1.000000,1.7424,18.19
452037,8496532,"","ZI Ninety One GSF Global Strategic Equity Fund","GMUSD","USD","USD",2.7997,3364.739,9420.25,9420.25,20231018,1.000000,2.5744,20.63
452037,8496532,"","ZI Fidelity World $","USDKV","USD","USD",2.0709,5500.893,11391.79,11391.79,20231018,1.000000,1.9687,24.95
452037,8496532,"","ZI Threadneedle (Lux) Global Select","USDYJ","USD","USD",1.7297,5492.986,9501.21,9501.21,20231018,1.000000,1.5771,20.81
452037,8496532,"","ZI Invesco Global Equity Income","7QUSD","USD","USD",2.6341,2671.240,7036.31,7036.31,20231018,1.000000,2.4321,15.41
452037,8503561,"","ZI Schroder ISF Global Inflation Linked Bond US$","GAUSD","USD","USD",1.6696,17485.987,29194.60,29194.60,20231018,1.000000,1.7431,18.09
452037,8503561,"","ZI Ninety One GSF Global Strategic Equity Fund","GMUSD","USD","USD",2.7997,11926.315,33390.10,33390.10,20231018,1.000000,2.5448,20.69
452037,8503561,"","ZI Fidelity World $","USDKV","USD","USD",2.0709,19423.161,40223.42,40223.42,20231018,1.000000,1.9542,24.93
452037,8503561,"","ZI Threadneedle (Lux) Global Select","USDYJ","USD","USD",1.7297,19419.175,33589.34,33589.34,20231018,1.000000,1.5629,20.82
452037,8503561,"","ZI Invesco Global Equity Income","7QUSD","USD","USD",2.6341,9471.888,24949.90,24949.90,20231018,1.000000,2.4035,15.46
452037,8508742,"","Adventurous Fund - Currency US Dollars","ADUSD","USD","USD",6.5863,4991.280,32874.06,32874.06,20231018,1.000000,6.4827,40.60
452037,8508742,"","Blue Chip Fund - Currency US Dollars","BCUSD","USD","USD",7.8683,2004.884,15775.02,15775.02,20231018,1.000000,8.0340,19.48
452037,8508742,"","Performance Fund - Currency US Dollars","PFUSD","USD","USD",8.6252,3747.232,32320.62,32320.62,20231018,1.000000,8.4988,39.92
452037,8509021,"","ZI BlackRock GF Global Governnment Bond $A2","BPUSD","USD","USD",1.4985,5517.149,8267.44,8267.44,20231018,1.000000,1.5275,20.08
452037,8509021,"","ZI Schroder ISF Global Inflation Linked Bond US$","GAUSD","USD","USD",1.6696,4938.194,8244.80,8244.80,20231018,1.000000,1.7066,20.02
452037,8509021,"","ZI Fidelity World $","USDKV","USD","USD",2.0709,4955.569,10262.48,10262.48,20231018,1.000000,2.1257,24.93
452037,8509021,"","ZI Threadneedle (Lux) Global Select","USDYJ","USD","USD",1.7297,4774.723,8258.83,8258.83,20231018,1.000000,1.7650,20.06
452037,8509021,"","ZI Invesco Global Equity Income","7QUSD","USD","USD",2.6341,2330.742,6139.40,6139.40,20231018,1.000000,2.7118,14.91
452037,8541419,"","Adventurous Fund - Currency US Dollars","ADUSD","USD","USD",6.5863,3027.351,19939.04,19939.04,20231018,1.000000,5.9235,58.42
452037,8541419,"","ZI JPM Global Natural Resources USD A Acc","CIUSD","USD","USD",0.7313,10159.875,7429.91,7429.91,20231018,1.000000,0.5347,21.77
452037,8541419,"","Performance Fund - Currency US Dollars","PFUSD","USD","USD",8.6252,784.111,6763.11,6763.11,20231018,1.000000,7.6028,19.81
452037,8556860,"","Adventurous Fund - Currency US Dollars","ADUSD","USD","USD",6.5863,11660.935,76802.41,76802.41,20231018,1.000000,6.5597,80.37
452037,8556860,"","Blue Chip Fund - Currency US Dollars","BCUSD","USD","USD",7.8683,1180.070,9285.14,9285.14,20231018,1.000000,7.6533,9.72
452037,8556860,"","Performance Fund - Currency US Dollars","PFUSD","USD","USD",8.6252,1098.131,9471.59,9471.59,20231018,1.000000,7.9436,9.91
452037,8557024,"","Blue Chip Fund - Currency Sterling","BCGBP","GBP","USD",6.4772,3665.479,23742.04,28576.91,20231018,0.830812,7.0393,15.12
452037,8557024,"","ZI Franklin US Opportunities Fund A Acc","BGSGD","SGD","USD",4.4579,7599.528,33877.93,24488.67,20231018,1.383412,4.6506,12.96
452037,8557024,"","ZI CT Sterling Bond","BNGBP","GBP","USD",2.4601,12727.012,31309.72,37685.68,20231018,0.830812,3.3042,19.94
452037,8557024,"","ZI BGF World Technology Fund A2 Acc USD","K2USD","USD","USD",7.0975,4296.897,30497.22,30497.22,20231018,1.000000,7.4268,16.14
452037,8557024,"","ZI Blackrock Glbl World Health Science A2 -Acc","ONUSD","USD","USD",6.1783,5472.372,33809.95,33809.95,20231018,1.000000,6.0145,17.89
452037,8557024,"","ZI Invesco UK Investment Grade Bond","7LGBP","GBP","USD",0.8270,34101.283,28201.76,33944.81,20231018,0.830812,1.0600,17.96
452037,8566677,"","Adventurous Fund - Currency US Dollars","ADUSD","USD","USD",6.5863,1580.045,10406.65,10406.65,20231018,1.000000,6.7725,28.09
452037,8566677,"","Blue Chip Fund - Currency US Dollars","BCUSD","USD","USD",7.8683,966.389,7603.83,7603.83,20231018,1.000000,7.9620,20.52
452037,8566677,"","ZI JPM Global Natural Resources USD A Acc","CIUSD","USD","USD",0.7313,10432.818,7629.51,7629.51,20231018,1.000000,0.5864,20.59
452037,8566677,"","Performance Fund - Currency US Dollars","PFUSD","USD","USD",8.6252,1322.673,11408.31,11408.31,20231018,1.000000,8.1509,30.79
452037,8581071,"","Adventurous Fund - Currency US Dollars","ADUSD","USD","USD",6.5863,4331.994,28531.81,28531.81,20231018,1.000000,5.2908,45.10
452037,8581071,"","Blue Chip Fund - Currency US Dollars","BCUSD","USD","USD",7.8683,1536.470,12089.40,12089.40,20231018,1.000000,6.6449,19.11
452037,8581071,"","Performance Fund - Currency US Dollars","PFUSD","USD","USD",8.6252,2624.992,22641.08,22641.08,20231018,1.000000,6.7979,35.79
452037,8587373,"","Blue Chip Fund - Currency Sterling","BCGBP","GBP","USD",6.4772,3216.957,20836.87,25080.12,20231018,0.830812,6.8360,19.00
452037,8587373,"","ZI Franklin US Opportunities Fund A Acc","BGSGD","SGD","USD",4.4579,4634.400,20659.69,14933.86,20231018,1.383412,4.1934,11.31
452037,8587373,"","ZI CT Sterling Bond","BNGBP","GBP","USD",2.4601,4703.198,11570.33,13926.53,20231018,0.830812,3.5283,10.55
452037,8587373,"","ZI BGF World Technology Fund A2 Acc USD","K2USD","USD","USD",7.0975,4385.546,31126.41,31126.41,20231018,1.000000,6.5317,23.58
452037,8587373,"","ZI Blackrock Glbl World Health Science A2 -Acc","ONUSD","USD","USD",6.1783,5194.690,32094.35,32094.35,20231018,1.000000,5.5295,24.31
452037,8587373,"","ZI Invesco UK Investment Grade Bond","7LGBP","GBP","USD",0.8270,14935.839,12351.93,14867.29,20231018,0.830812,1.1096,11.26
452037,8594548,"","Adventurous Fund - Currency US Dollars","ADUSD","USD","USD",6.5863,2506.351,16507.57,16507.57,20231018,1.000000,6.3477,30.13
452037,8594548,"","Blue Chip Fund - Currency US Dollars","BCUSD","USD","USD",7.8683,2035.919,16019.22,16019.22,20231018,1.000000,7.8335,29.23
452037,8594548,"","Performance Fund - Currency US Dollars","PFUSD","USD","USD",8.6252,2581.976,22270.05,22270.05,20231018,1.000000,8.2153,40.64
452037,9829219,"PIC752/09","ZI Fidelity Funds Global Dividend","USDFT","USD","USD",1.8350,4917.573,9023.74,9023.74,20231018,1.000000,1.4500,20.32
452037,9829219,"PIC752/09","ZI Fidelity World $","USDKV","USD","USD",2.0709,6822.242,14128.18,14128.18,20231018,1.000000,1.5665,31.81
452037,9829219,"PIC752/09","ZI Jupiter Merlin Int. Equities Portfolio USD","Z9USD","USD","USD",2.2301,3857.315,8602.19,8602.19,20231018,1.000000,1.8510,19.37
452037,9829219,"PIC752/09","ZI Jupiter Global Fund India Select L","6FUSD","USD","USD",2.0489,6178.648,12659.43,12659.43,20231018,1.000000,1.7536,28.50
452037,9854628,"","Adventurous Fund - Currency US Dollars","ADUSD","USD","USD",6.5863,3297.030,21715.22,21715.22,20231018,1.000000,4.4089,9.37
452037,9854628,"","Blue Chip Fund - Currency Eagles","BCEGL","EGL","USD",6.8650,417.865,2868.64,24757.40,20231018,0.115870,2.8588,10.68
452037,9854628,"","ZI JPM Global Natural Resources USD A Acc","CIUSD","USD","USD",0.7313,17403.348,12727.06,12727.06,20231018,1.000000,0.4523,5.49
452037,9854628,"","ZI Schroder AS Commodities Fund A Acc","CNUSD","USD","USD",0.6744,15625.358,10537.74,10537.74,20231018,1.000000,0.8769,4.55
452037,9854628,"","ZI Morgan Stanley Global Bond fund","DBUSD","USD","USD",1.8809,7022.681,13208.96,13208.96,20231018,1.000000,2.0073,5.70
452037,9854628,"","ZI Morgan Stanley European Property fund","DDUSD","USD","USD",2.4311,3164.776,7693.88,7693.88,20231018,1.000000,3.6471,3.32
452037,9854628,"","ZI Fidelity Pacific Fund A$","EMUSD","USD","USD",1.4555,10425.539,15174.37,15174.37,20231018,1.000000,1.1102,6.55
452037,9854628,"","ZI CT UK","EQGBP","GBP","USD",6.1324,2034.947,12479.10,15020.36,20231018,0.830812,3.0247,6.48
452037,9854628,"","ZI DWS Invest Global Agribusiness Fund","EVUSD","USD","USD",1.2023,10093.308,12135.18,12135.18,20231018,1.000000,1.0558,5.23
452037,9854628,"","ZI Invesco Euro Bond fund","IEUSD","USD","USD",2.2075,825.599,1822.50,1822.50,20231018,1.000000,2.9440,0.79
452037,9854628,"","ZI BGF World Technology Fund A2 Acc USD","K2USD","USD","USD",7.0975,3125.041,22179.97,22179.97,20231018,1.000000,2.5087,9.57
452037,9854628,"","ZI BlackRock Global Funds Sustainable Energy","MEUSD","USD","USD",2.0645,6395.143,13202.77,13202.77,20231018,1.000000,1.2288,5.70
452037,9854628,"","Performance Fund - Currency Eagles","PFEGL","EGL","USD",8.2127,102.115,838.63,7237.68,20231018,0.115870,4.2038,3.12
452037,9854628,"","Money Market Fund - Currency US Dollars","SEUSD","USD","USD",2.1933,3849.801,8443.76,8443.76,20231018,1.000000,2.0812,3.64
452037,9854628,"","ZI Franklin US Government fund","TCUSD","USD","USD",1.5372,4618.139,7099.00,7099.00,20231018,1.000000,1.7840,3.06
452037,9854628,"","ZI Templeton BRIC fund A-Acc","TFUSD","USD","USD",1.3769,12807.538,17634.69,17634.69,20231018,1.000000,1.2861,7.61
452037,9854628,"","ZI Threadneedle (Lux) American","USDXU","USD","USD",1.9760,7469.212,14759.16,14759.16,20231018,1.000000,1.3240,6.37
452037,9854628,"","ZI Templeton Asian Bond Fund A Acc","4QUSD","USD","USD",1.0323,6263.458,6465.76,6465.76,20231018,1.000000,1.2560,2.79
452037,9887432,"","Adventurous Fund - Currency US Dollars","ADUSD","USD","USD",6.5863,5003.295,32953.20,32953.20,20231018,1.000000,5.1450,26.11
452037,9887432,"","Blue Chip Fund - Currency US Dollars","BCUSD","USD","USD",7.8683,3872.043,30466.39,30466.39,20231018,1.000000,6.7750,24.14
452037,9887432,"","Performance Fund - Currency US Dollars","PFUSD","USD","USD",8.6252,3812.373,32882.47,32882.47,20231018,1.000000,6.7060,26.05
452037,9887432,"","ZI Canaccord Genuity Opportunity Fund","USDDL","USD","USD",1.7824,16778.762,29906.46,29906.46,20231018,1.000000,1.6298,23.70
452037,9921499,"A061V8897","Blue Chip Fund - Currency US Dollars","BCUSD","USD","USD",7.8683,8203.933,64551.00,64551.00,20231018,1.000000,7.3332,100.00
452037,9949354,"D220V11175","Blue Chip Fund - Currency US Dollars","BCUSD","USD","USD",7.8683,7072.720,55650.28,55650.28,20231018,1.000000,5.4511,30.16
452037,9949354,"D220V11175","Cautious Fund - Currency US Dollar","CTUSD","USD","USD",2.9005,11668.730,33845.15,33845.15,20231018,1.000000,2.6748,18.34
452037,9949354,"D220V11175","Defensive Fund - Currency US Dollar","DFUSD","USD","USD",2.0900,7347.095,15355.42,15355.42,20231018,1.000000,2.1250,8.32
452037,9949354,"D220V11175","Performance Fund - Currency US Dollars","PFUSD","USD","USD",8.6252,9236.649,79667.94,79667.94,20231018,1.000000,4.6773,43.18
452037,9983235,"CIB357/08","ZI CT Dollar Bond","BNUSD","USD","USD",2.2819,3919.225,8943.27,8943.27,20231018,1.000000,2.4697,13.54
452037,9983235,"CIB357/08","ZI FSSA Asian Equity Plus ACC","FOUSD","USD","USD",4.6072,674.653,3108.26,3108.26,20231018,1.000000,4.7758,4.71
452037,9983235,"CIB357/08","ZI Ninety One GSF Global Strategic Equity Fund","GMUSD","USD","USD",2.7997,2147.246,6011.64,6011.64,20231018,1.000000,2.4002,9.10
452037,9983235,"CIB357/08","ZI Canaccord Genuity Growth Fund","USDDK","USD","USD",1.7286,19533.544,33765.68,33765.68,20231018,1.000000,1.6499,51.13
452037,9983235,"CIB357/08","ZI Fidelity Funds Global Dividend","USDFT","USD","USD",1.8350,2836.946,5205.79,5205.79,20231018,1.000000,1.5898,7.88
452037,9983235,"CIB357/08","ZI Jupiter Global Funds Dynamic Bond","USDGD","USD","USD",1.3165,6835.621,8999.09,8999.09,20231018,1.000000,1.4161,13.63
