"System_Dt","Policy_No","Contact_ID","Relationship_Type_ID","Relationship_Type","Relationship_Index"
"2023-10-31","PM10001476","M176217","40","Life Assured ","1"
"2023-10-31","PM10001476","M176218","40","Life Assured ","2"
"2023-10-31","PM10001476","M177504","46","Owner","1"
"2023-10-31","PM10001476","M177504","41","Mail Owner","1"
"2023-10-31","PM10001476","M191468","56","QROPS Beneficiary","1"
"2023-10-31","PM10001476","M195451","49","Payee","1"
"2023-10-31","PM10001476","M230097","49","Payee","2"
"2023-10-31","PM10001476","M310272","2","Advisor    ","1"
"2023-10-31","PM10001964","M176217","40","Life Assured ","2"
"2023-10-31","PM10001964","M178193","40","Life Assured ","1"
"2023-10-31","PM10001964","M182972","41","Mail Owner","1"
"2023-10-31","PM10001964","M182972","46","Owner","1"
"2023-10-31","PM10001964","M185449","56","QROPS Beneficiary","1"
"2023-10-31","PM10001964","M230097","49","Payee","1"
"2023-10-31","PM10001964","M310272","2","Advisor    ","1"
"2023-10-31","PM10002547","M178193","40","Life Assured ","1"
"2023-10-31","PM10002547","M186254","40","Life Assured ","2"
"2023-10-31","PM10002547","M187854","46","Owner","1"
"2023-10-31","PM10002547","M187854","41","Mail Owner","1"
"2023-10-31","PM10002547","M187857","56","QROPS Beneficiary","1"
"2023-10-31","PM10002547","M230097","49","Payee","1"
"2023-10-31","PM10002547","M310272","2","Advisor    ","1"
"2023-10-31","PM10002819","M178193","40","Life Assured ","2"
"2023-10-31","PM10002819","M186254","40","Life Assured ","1"
"2023-10-31","PM10002819","M190389","41","Mail Owner","1"
"2023-10-31","PM10002819","M190389","46","Owner","1"
"2023-10-31","PM10002819","M195451","49","Payee","1"
"2023-10-31","PM10002819","M230097","49","Payee","2"
"2023-10-31","PM10002819","M264886","56","QROPS Beneficiary","1"
"2023-10-31","PM10002819","M310272","2","Advisor    ","1"
"2023-10-31","PM10002982","M191956","46","Owner","1"
"2023-10-31","PM10002982","M191956","41","Mail Owner","1"
"2023-10-31","PM10002982","M196423","56","QROPS Beneficiary","1"
"2023-10-31","PM10002982","M230097","49","Payee","1"
"2023-10-31","PM10002982","M301773","49","Payee","2"
"2023-10-31","PM10002982","M310272","2","Advisor    ","1"
"2023-10-31","PM10002982","M800000","40","Life Assured ","1"
"2023-10-31","PM10003061","M190801","46","Owner","1"
"2023-10-31","PM10003061","M190801","41","Mail Owner","1"
"2023-10-31","PM10003061","M230097","49","Payee","1"
"2023-10-31","PM10003061","M310272","2","Advisor    ","1"
"2023-10-31","PM10003061","M800000","40","Life Assured ","1"
"2023-10-31","PM10003179","M193379","56","QROPS Beneficiary","1"
"2023-10-31","PM10003179","M239302","49","Payee","1"
"2023-10-31","PM10003179","M239302","46","Owner","1"
"2023-10-31","PM10003179","M239302","41","Mail Owner","1"
"2023-10-31","PM10003179","M239302","9","Assignee","1"
"2023-10-31","PM10003179","M310272","65","SERVICEMANAGER","1"
"2023-10-31","PM10003179","M800000","40","Life Assured ","1"
"2023-10-31","PM10003875","M184567","49","Payee","2"
"2023-10-31","PM10003875","M195451","49","Payee","1"
"2023-10-31","PM10003875","M198159","46","Owner","1"
"2023-10-31","PM10003875","M198159","41","Mail Owner","1"
"2023-10-31","PM10003875","M205681","56","QROPS Beneficiary","1"
"2023-10-31","PM10003875","M230097","49","Payee","3"
"2023-10-31","PM10003875","M310272","2","Advisor    ","1"
"2023-10-31","PM10003875","M800000","40","Life Assured ","1"
"2023-10-31","PM10004162","M195451","49","Payee","1"
"2023-10-31","PM10004162","M200311","46","Owner","1"
"2023-10-31","PM10004162","M200311","41","Mail Owner","1"
"2023-10-31","PM10004162","M200313","56","QROPS Beneficiary","1"
"2023-10-31","PM10004162","M230097","49","Payee","2"
"2023-10-31","PM10004162","M310272","2","Advisor    ","1"
"2023-10-31","PM10004162","M800000","40","Life Assured ","1"
"2023-10-31","PM10004211","M184571","49","Payee","2"
"2023-10-31","PM10004211","M200609","46","Owner","1"
"2023-10-31","PM10004211","M200609","41","Mail Owner","1"
"2023-10-31","PM10004211","M204964","56","QROPS Beneficiary","1"
"2023-10-31","PM10004211","M230097","49","Payee","1"
"2023-10-31","PM10004211","M310272","2","Advisor    ","1"
"2023-10-31","PM10004211","M800000","40","Life Assured ","1"
"2023-10-31","PM10004553","M195451","49","Payee","1"
"2023-10-31","PM10004553","M203660","46","Owner","1"
"2023-10-31","PM10004553","M203660","41","Mail Owner","1"
"2023-10-31","PM10004553","M230097","49","Payee","2"
"2023-10-31","PM10004553","M249819","56","QROPS Beneficiary","1"
"2023-10-31","PM10004553","M310272","2","Advisor    ","1"
"2023-10-31","PM10004553","M800000","40","Life Assured ","1"
"2023-10-31","PM10005110","M207892","46","Owner","1"
"2023-10-31","PM10005110","M207892","41","Mail Owner","1"
"2023-10-31","PM10005110","M207893","56","QROPS Beneficiary","1"
"2023-10-31","PM10005110","M230097","49","Payee","1"
"2023-10-31","PM10005110","M310272","2","Advisor    ","1"
"2023-10-31","PM10005110","M800000","40","Life Assured ","1"
"2023-10-31","PM10005555","M206743","49","Payee","1"
"2023-10-31","PM10005555","M209664","46","Owner","1"
"2023-10-31","PM10005555","M209664","41","Mail Owner","1"
"2023-10-31","PM10005555","M214135","56","QROPS Beneficiary","1"
"2023-10-31","PM10005555","M310272","2","Advisor    ","1"
"2023-10-31","PM10005555","M800000","40","Life Assured ","1"
"2023-10-31","PM10005650","M213084","41","Mail Owner","1"
"2023-10-31","PM10005650","M213084","46","Owner","1"
"2023-10-31","PM10005650","M213093","56","QROPS Beneficiary","1"
"2023-10-31","PM10005650","M230097","49","Payee","1"
"2023-10-31","PM10005650","M310272","2","Advisor    ","1"
"2023-10-31","PM10005650","M800000","40","Life Assured ","1"
"2023-10-31","PM10006472","M210140","56","QROPS Beneficiary","1"
"2023-10-31","PM10006472","M210141","49","Payee","1"
"2023-10-31","PM10006472","M210141","46","Owner","1"
"2023-10-31","PM10006472","M210141","41","Mail Owner","1"
"2023-10-31","PM10006472","M310272","2","Advisor    ","1"
"2023-10-31","PM10006472","M800000","40","Life Assured ","1"
"2023-10-31","PM10007029","M226358","56","QROPS Beneficiary","1"
"2023-10-31","PM10007029","M226359","49","Payee","1"
"2023-10-31","PM10007029","M226359","46","Owner","1"
"2023-10-31","PM10007029","M226359","41","Mail Owner","1"
"2023-10-31","PM10007029","M230097","49","Payee","2"
"2023-10-31","PM10007029","M310272","2","Advisor    ","1"
"2023-10-31","PM10007029","M800000","40","Life Assured ","1"
"2023-10-31","PM10009519","M160054","49","Payee","1"
"2023-10-31","PM10009519","M247689","46","Owner","1"
"2023-10-31","PM10009519","M247689","41","Mail Owner","1"
"2023-10-31","PM10009519","M249188","56","QROPS Beneficiary","1"
"2023-10-31","PM10009519","M310272","2","Advisor    ","1"
"2023-10-31","PM10009519","M800000","40","Life Assured ","1"
"2023-10-31","PM10009714","M160054","49","Payee","3"
"2023-10-31","PM10009714","M177573","49","Payee","1"
"2023-10-31","PM10009714","M249201","46","Owner","1"
"2023-10-31","PM10009714","M249201","41","Mail Owner","1"
"2023-10-31","PM10009714","M250453","56","QROPS Beneficiary","1"
"2023-10-31","PM10009714","M262555","49","Payee","2"
"2023-10-31","PM10009714","M268068","49","Payee","4"
"2023-10-31","PM10009714","M310272","2","Advisor    ","1"
"2023-10-31","PM10009714","M800000","40","Life Assured ","1"
"2023-10-31","PM10009979","M251319","41","Mail Owner","1"
"2023-10-31","PM10009979","M251319","46","Owner","1"
"2023-10-31","PM10009979","M252930","56","QROPS Beneficiary","1"
"2023-10-31","PM10009979","M268068","49","Payee","1"
"2023-10-31","PM10009979","M310272","2","Advisor    ","1"
"2023-10-31","PM10009979","M800000","40","Life Assured ","1"
"2023-10-31","PM10010117","M252228","46","Owner","1"
"2023-10-31","PM10010117","M252228","41","Mail Owner","1"
"2023-10-31","PM10010117","M252229","56","QROPS Beneficiary","1"
"2023-10-31","PM10010117","M268068","49","Payee","1"
"2023-10-31","PM10010117","M310272","2","Advisor    ","1"
"2023-10-31","PM10010117","M800000","40","Life Assured ","1"
"2023-10-31","PM10011019","M160054","49","Payee","1"
"2023-10-31","PM10011019","M259040","46","Owner","1"
"2023-10-31","PM10011019","M259040","41","Mail Owner","1"
"2023-10-31","PM10011019","M259045","56","QROPS Beneficiary","1"
"2023-10-31","PM10011019","M268068","49","Payee","2"
"2023-10-31","PM10011019","M310272","2","Advisor    ","1"
"2023-10-31","PM10011019","M800000","40","Life Assured ","1"
"2023-10-31","PM10011120","M260057","41","Mail Owner","1"
"2023-10-31","PM10011120","M260057","46","Owner","1"
"2023-10-31","PM10011120","M261031","56","QROPS Beneficiary","1"
"2023-10-31","PM10011120","M262555","49","Payee","1"
"2023-10-31","PM10011120","M268068","49","Payee","2"
"2023-10-31","PM10011120","M310272","2","Advisor    ","1"
"2023-10-31","PM10011120","M800000","40","Life Assured ","1"
"2023-10-31","PM10011162","M160054","49","Payee","1"
"2023-10-31","PM10011162","M260610","46","Owner","1"
"2023-10-31","PM10011162","M260610","41","Mail Owner","1"
"2023-10-31","PM10011162","M260651","56","QROPS Beneficiary","1"
"2023-10-31","PM10011162","M268068","49","Payee","2"
"2023-10-31","PM10011162","M310272","2","Advisor    ","1"
"2023-10-31","PM10011162","M800000","40","Life Assured ","1"
"2023-10-31","PM10011442","M160054","49","Payee","1"
"2023-10-31","PM10011442","M263282","46","Owner","1"
"2023-10-31","PM10011442","M263282","41","Mail Owner","1"
"2023-10-31","PM10011442","M263286","56","QROPS Beneficiary","1"
"2023-10-31","PM10011442","M268068","49","Payee","2"
"2023-10-31","PM10011442","M310272","2","Advisor    ","1"
"2023-10-31","PM10011442","M800000","40","Life Assured ","1"
"2023-10-31","PM10011823","M265049","49","Payee","1"
"2023-10-31","PM10011823","M266247","46","Owner","1"
"2023-10-31","PM10011823","M266247","41","Mail Owner","1"
"2023-10-31","PM10011823","M266249","56","QROPS Beneficiary","1"
"2023-10-31","PM10011823","M274168","49","Payee","2"
"2023-10-31","PM10011823","M310272","2","Advisor    ","1"
"2023-10-31","PM10011823","M800000","40","Life Assured ","1"
"2023-10-31","PM10012159","M268068","49","Payee","1"
"2023-10-31","PM10012159","M270006","46","Owner","1"
"2023-10-31","PM10012159","M270006","41","Mail Owner","1"
"2023-10-31","PM10012159","M310272","2","Advisor    ","1"
"2023-10-31","PM10012159","M800000","40","Life Assured ","1"
"2023-10-31","PM10012229","M268068","49","Payee","1"
"2023-10-31","PM10012229","M270995","46","Owner","1"
"2023-10-31","PM10012229","M270995","41","Mail Owner","1"
"2023-10-31","PM10012229","M271000","56","QROPS Beneficiary","1"
"2023-10-31","PM10012229","M310272","2","Advisor    ","1"
"2023-10-31","PM10012229","M800000","40","Life Assured ","1"
"2023-10-31","PM10012420","M262555","49","Payee","1"
"2023-10-31","PM10012420","M268068","49","Payee","2"
"2023-10-31","PM10012420","M272992","46","Owner","1"
"2023-10-31","PM10012420","M272992","41","Mail Owner","1"
"2023-10-31","PM10012420","M310272","2","Advisor    ","1"
"2023-10-31","PM10012420","M800000","40","Life Assured ","1"
"2023-10-31","PM10012614","M254368","49","Payee","1"
"2023-10-31","PM10012614","M275126","46","Owner","1"
"2023-10-31","PM10012614","M275126","41","Mail Owner","1"
"2023-10-31","PM10012614","M275130","56","QROPS Beneficiary","1"
"2023-10-31","PM10012614","M310272","2","Advisor    ","1"
"2023-10-31","PM10012614","M800000","40","Life Assured ","1"
"2023-10-31","PM10012724","M254368","49","Payee","2"
"2023-10-31","PM10012724","M265049","49","Payee","1"
"2023-10-31","PM10012724","M275955","56","QROPS Beneficiary","1"
"2023-10-31","PM10012724","M275956","46","Owner","1"
"2023-10-31","PM10012724","M275956","41","Mail Owner","1"
"2023-10-31","PM10012724","M310272","2","Advisor    ","1"
"2023-10-31","PM10012724","M800000","40","Life Assured ","1"
"2023-10-31","PM10013091","M254368","49","Payee","1"
"2023-10-31","PM10013091","M279106","46","Owner","1"
"2023-10-31","PM10013091","M279106","41","Mail Owner","1"
"2023-10-31","PM10013091","M279111","56","QROPS Beneficiary","1"
"2023-10-31","PM10013091","M310272","2","Advisor    ","1"
"2023-10-31","PM10013091","M800000","40","Life Assured ","1"
"2023-10-31","PM10013243","M160054","49","Payee","1"
"2023-10-31","PM10013243","M268068","49","Payee","2"
"2023-10-31","PM10013243","M280706","56","QROPS Beneficiary","1"
"2023-10-31","PM10013243","M280707","46","Owner","1"
"2023-10-31","PM10013243","M280707","41","Mail Owner","1"
"2023-10-31","PM10013243","M310272","2","Advisor    ","1"
"2023-10-31","PM10013243","M800000","40","Life Assured ","1"
"2023-10-31","PM10013266","M160054","49","Payee","2"
"2023-10-31","PM10013266","M268068","49","Payee","1"
"2023-10-31","PM10013266","M280882","46","Owner","1"
"2023-10-31","PM10013266","M280882","41","Mail Owner","1"
"2023-10-31","PM10013266","M280887","56","QROPS Beneficiary","1"
"2023-10-31","PM10013266","M310272","2","Advisor    ","1"
"2023-10-31","PM10013266","M800000","40","Life Assured ","1"
"2023-10-31","PM10013288","M254368","49","Payee","2"
"2023-10-31","PM10013288","M274168","49","Payee","1"
"2023-10-31","PM10013288","M281017","46","Owner","1"
"2023-10-31","PM10013288","M281017","41","Mail Owner","1"
"2023-10-31","PM10013288","M282600","56","QROPS Beneficiary","1"
"2023-10-31","PM10013288","M310272","2","Advisor    ","1"
"2023-10-31","PM10013288","M800000","40","Life Assured ","1"
"2023-10-31","PM10013372","M254368","49","Payee","1"
"2023-10-31","PM10013372","M281776","46","Owner","1"
"2023-10-31","PM10013372","M281776","41","Mail Owner","1"
"2023-10-31","PM10013372","M281777","56","QROPS Beneficiary","1"
"2023-10-31","PM10013372","M310272","2","Advisor    ","1"
"2023-10-31","PM10013372","M800000","40","Life Assured ","1"
"2023-10-31","PM10013441","M160054","49","Payee","2"
"2023-10-31","PM10013441","M185845","49","Payee","1"
"2023-10-31","PM10013441","M268068","49","Payee","3"
"2023-10-31","PM10013441","M282425","46","Owner","1"
"2023-10-31","PM10013441","M282425","41","Mail Owner","1"
"2023-10-31","PM10013441","M282426","56","QROPS Beneficiary","1"
"2023-10-31","PM10013441","M310272","2","Advisor    ","1"
"2023-10-31","PM10013441","M800000","40","Life Assured ","1"
"2023-10-31","PM10013457","M262555","49","Payee","1"
"2023-10-31","PM10013457","M268068","49","Payee","2"
"2023-10-31","PM10013457","M276167","46","Owner","1"
"2023-10-31","PM10013457","M276167","41","Mail Owner","1"
"2023-10-31","PM10013457","M290480","56","QROPS Beneficiary","1"
"2023-10-31","PM10013457","M310272","2","Advisor    ","1"
"2023-10-31","PM10013457","M800000","40","Life Assured ","1"
"2023-10-31","PM10013480","M254368","49","Payee","1"
"2023-10-31","PM10013480","M282692","46","Owner","1"
"2023-10-31","PM10013480","M282692","41","Mail Owner","1"
"2023-10-31","PM10013480","M282694","56","QROPS Beneficiary","1"
"2023-10-31","PM10013480","M310272","2","Advisor    ","1"
"2023-10-31","PM10013480","M800000","40","Life Assured ","1"
"2023-10-31","PM10013816","M268068","49","Payee","1"
"2023-10-31","PM10013816","M286090","46","Owner","1"
"2023-10-31","PM10013816","M286090","41","Mail Owner","1"
"2023-10-31","PM10013816","M288099","56","QROPS Beneficiary","1"
"2023-10-31","PM10013816","M310272","2","Advisor    ","1"
"2023-10-31","PM10013816","M800000","40","Life Assured ","1"
"2023-10-31","PM10014047","M274168","49","Payee","1"
"2023-10-31","PM10014047","M288432","46","Owner","1"
"2023-10-31","PM10014047","M288432","41","Mail Owner","1"
"2023-10-31","PM10014047","M288434","56","QROPS Beneficiary","1"
"2023-10-31","PM10014047","M310272","2","Advisor    ","1"
"2023-10-31","PM10014047","M800000","40","Life Assured ","1"
"2023-10-31","PM10014282","M254368","49","Payee","1"
"2023-10-31","PM10014282","M290284","46","Owner","1"
"2023-10-31","PM10014282","M290284","41","Mail Owner","1"
"2023-10-31","PM10014282","M290285","56","QROPS Beneficiary","1"
"2023-10-31","PM10014282","M310272","2","Advisor    ","1"
"2023-10-31","PM10014282","M800000","40","Life Assured ","1"
"2023-10-31","PM10014307","M254368","49","Payee","1"
"2023-10-31","PM10014307","M290536","46","Owner","1"
"2023-10-31","PM10014307","M290536","41","Mail Owner","1"
"2023-10-31","PM10014307","M290537","56","QROPS Beneficiary","1"
"2023-10-31","PM10014307","M310272","2","Advisor    ","1"
"2023-10-31","PM10014307","M800000","40","Life Assured ","1"
"2023-10-31","PM10014337","M160054","49","Payee","1"
"2023-10-31","PM10014337","M268068","49","Payee","2"
"2023-10-31","PM10014337","M288896","46","Owner","1"
"2023-10-31","PM10014337","M288896","41","Mail Owner","1"
"2023-10-31","PM10014337","M310272","2","Advisor    ","1"
"2023-10-31","PM10014337","M326202","56","QROPS Beneficiary","1"
"2023-10-31","PM10014337","M800000","40","Life Assured ","1"
"2023-10-31","PM10014607","M254368","49","Payee","1"
"2023-10-31","PM10014607","M292882","46","Owner","1"
"2023-10-31","PM10014607","M292882","41","Mail Owner","1"
"2023-10-31","PM10014607","M292886","56","QROPS Beneficiary","1"
"2023-10-31","PM10014607","M310272","2","Advisor    ","1"
"2023-10-31","PM10014607","M800000","40","Life Assured ","1"
"2023-10-31","PM10014686","M254368","49","Payee","1"
"2023-10-31","PM10014686","M293675","56","QROPS Beneficiary","1"
"2023-10-31","PM10014686","M293676","46","Owner","1"
"2023-10-31","PM10014686","M293676","41","Mail Owner","1"
"2023-10-31","PM10014686","M310272","2","Advisor    ","1"
"2023-10-31","PM10014686","M800000","40","Life Assured ","1"
"2023-10-31","PM10014838","M254368","49","Payee","1"
"2023-10-31","PM10014838","M295044","46","Owner","1"
"2023-10-31","PM10014838","M295044","41","Mail Owner","1"
"2023-10-31","PM10014838","M295049","56","QROPS Beneficiary","1"
"2023-10-31","PM10014838","M310272","2","Advisor    ","1"
"2023-10-31","PM10014838","M800000","40","Life Assured ","1"
"2023-10-31","PM10015056","M296752","49","Payee","1"
"2023-10-31","PM10015056","M296753","56","QROPS Beneficiary","1"
"2023-10-31","PM10015056","M310272","2","Advisor    ","1"
"2023-10-31","PM10015056","M317471","41","Mail Owner","1"
"2023-10-31","PM10015056","M317471","46","Owner","1"
"2023-10-31","PM10015056","M800000","40","Life Assured ","1"
"2023-10-31","PM10015157","M160054","49","Payee","1"
"2023-10-31","PM10015157","M268068","49","Payee","2"
"2023-10-31","PM10015157","M297462","46","Owner","1"
"2023-10-31","PM10015157","M297462","41","Mail Owner","1"
"2023-10-31","PM10015157","M297463","56","QROPS Beneficiary","1"
"2023-10-31","PM10015157","M800000","40","Life Assured ","1"
"2023-10-31","PM10015331","M268068","49","Payee","1"
"2023-10-31","PM10015331","M298857","46","Owner","1"
"2023-10-31","PM10015331","M298857","41","Mail Owner","1"
"2023-10-31","PM10015331","M298861","56","QROPS Beneficiary","1"
"2023-10-31","PM10015331","M310272","2","Advisor    ","1"
"2023-10-31","PM10015331","M800000","40","Life Assured ","1"
"2023-10-31","PM10015342","M160054","49","Payee","1"
"2023-10-31","PM10015342","M268068","49","Payee","2"
"2023-10-31","PM10015342","M298931","46","Owner","1"
"2023-10-31","PM10015342","M298931","41","Mail Owner","1"
"2023-10-31","PM10015342","M298932","56","QROPS Beneficiary","1"
"2023-10-31","PM10015342","M310272","2","Advisor    ","1"
"2023-10-31","PM10015342","M800000","40","Life Assured ","1"
"2023-10-31","PM10015346","M160054","49","Payee","1"
"2023-10-31","PM10015346","M268068","49","Payee","2"
"2023-10-31","PM10015346","M288605","46","Owner","1"
"2023-10-31","PM10015346","M288605","41","Mail Owner","1"
"2023-10-31","PM10015346","M303333","56","QROPS Beneficiary","1"
"2023-10-31","PM10015346","M310272","2","Advisor    ","1"
"2023-10-31","PM10015346","M800000","40","Life Assured ","1"
"2023-10-31","PM10015353","M254368","49","Payee","2"
"2023-10-31","PM10015353","M274168","49","Payee","1"
"2023-10-31","PM10015353","M298981","46","Owner","1"
"2023-10-31","PM10015353","M298981","41","Mail Owner","1"
"2023-10-31","PM10015353","M298983","56","QROPS Beneficiary","1"
"2023-10-31","PM10015353","M310272","2","Advisor    ","1"
"2023-10-31","PM10015353","M800000","40","Life Assured ","1"
"2023-10-31","PM10015502","M268068","49","Payee","1"
"2023-10-31","PM10015502","M300229","46","Owner","1"
"2023-10-31","PM10015502","M300229","41","Mail Owner","1"
"2023-10-31","PM10015502","M300230","56","QROPS Beneficiary","1"
"2023-10-31","PM10015502","M310272","2","Advisor    ","1"
"2023-10-31","PM10015502","M800000","40","Life Assured ","1"
"2023-10-31","PM10015638","M268068","49","Payee","1"
"2023-10-31","PM10015638","M301227","46","Owner","1"
"2023-10-31","PM10015638","M301227","41","Mail Owner","1"
"2023-10-31","PM10015638","M305337","56","QROPS Beneficiary","1"
"2023-10-31","PM10015638","M310272","2","Advisor    ","1"
"2023-10-31","PM10015638","M800000","40","Life Assured ","1"
"2023-10-31","PM10015674","M301556","49","Payee","1"
"2023-10-31","PM10015674","M301556","46","Owner","1"
"2023-10-31","PM10015674","M301556","41","Mail Owner","1"
"2023-10-31","PM10015674","M301559","56","QROPS Beneficiary","1"
"2023-10-31","PM10015674","M310272","2","Advisor    ","1"
"2023-10-31","PM10015674","M800000","40","Life Assured ","1"
"2023-10-31","PM10015951","M268068","49","Payee","1"
"2023-10-31","PM10015951","M303809","46","Owner","1"
"2023-10-31","PM10015951","M303809","41","Mail Owner","1"
"2023-10-31","PM10015951","M303851","56","QROPS Beneficiary","1"
"2023-10-31","PM10015951","M310272","2","Advisor    ","1"
"2023-10-31","PM10015951","M800000","40","Life Assured ","1"
"2023-10-31","PM10016925","M268068","49","Payee","1"
"2023-10-31","PM10016925","M310272","2","Advisor    ","1"
"2023-10-31","PM10016925","M312240","41","Mail Owner","1"
"2023-10-31","PM10016925","M312240","46","Owner","1"
"2023-10-31","PM10016925","M324429","56","QROPS Beneficiary","1"
"2023-10-31","PM10016925","M800000","40","Life Assured ","1"
"2023-10-31","PM10016937","M268068","49","Payee","1"
"2023-10-31","PM10016937","M310272","2","Advisor    ","1"
"2023-10-31","PM10016937","M312306","41","Mail Owner","1"
"2023-10-31","PM10016937","M312306","46","Owner","1"
"2023-10-31","PM10016937","M332153","56","QROPS Beneficiary","1"
"2023-10-31","PM10016937","M800000","40","Life Assured ","1"
"2023-10-31","PM10017009","M268068","49","Payee","1"
"2023-10-31","PM10017009","M310272","2","Advisor    ","1"
"2023-10-31","PM10017009","M312739","41","Mail Owner","1"
"2023-10-31","PM10017009","M312739","46","Owner","1"
"2023-10-31","PM10017009","M312740","56","QROPS Beneficiary","1"
"2023-10-31","PM10017009","M800000","40","Life Assured ","1"
"2023-10-31","PM10017397","M268068","49","Payee","1"
"2023-10-31","PM10017397","M310272","2","Advisor    ","1"
"2023-10-31","PM10017397","M316244","41","Mail Owner","1"
"2023-10-31","PM10017397","M316244","46","Owner","1"
"2023-10-31","PM10017397","M323910","56","QROPS Beneficiary","1"
"2023-10-31","PM10017397","M800000","40","Life Assured ","1"
"2023-10-31","PM10017776","M310272","2","Advisor    ","1"
"2023-10-31","PM10017776","M320187","41","Mail Owner","1"
"2023-10-31","PM10017776","M320187","46","Owner","1"
"2023-10-31","PM10017776","M330948","56","QROPS Beneficiary","1"
"2023-10-31","PM10017776","M800000","40","Life Assured ","1"
"2023-10-31","PM10017938","M310272","2","Advisor    ","1"
"2023-10-31","PM10017938","M321454","41","Mail Owner","1"
"2023-10-31","PM10017938","M321454","46","Owner","1"
"2023-10-31","PM10017938","M321454","49","Payee","1"
"2023-10-31","PM10017938","M323863","56","QROPS Beneficiary","1"
"2023-10-31","PM10017938","M800000","40","Life Assured ","1"
"2023-10-31","PM10018070","M294739","49","Payee","2"
"2023-10-31","PM10018070","M310272","2","Advisor    ","1"
"2023-10-31","PM10018070","M322703","41","Mail Owner","1"
"2023-10-31","PM10018070","M322703","49","Payee","1"
"2023-10-31","PM10018070","M322703","46","Owner","1"
"2023-10-31","PM10018070","M322704","56","QROPS Beneficiary","1"
"2023-10-31","PM10018070","M800000","40","Life Assured ","1"
"2023-10-31","PM10018122","M292310","49","Payee","2"
"2023-10-31","PM10018122","M310272","2","Advisor    ","1"
"2023-10-31","PM10018122","M323104","41","Mail Owner","1"
"2023-10-31","PM10018122","M323104","49","Payee","1"
"2023-10-31","PM10018122","M323104","46","Owner","1"
"2023-10-31","PM10018122","M323110","56","QROPS Beneficiary","1"
"2023-10-31","PM10018122","M800000","40","Life Assured ","1"
"2023-10-31","PM10018503","M168855","2","Advisor    ","1"
"2023-10-31","PM10018503","M327230","41","Mail Owner","1"
"2023-10-31","PM10018503","M327230","46","Owner","1"
"2023-10-31","PM10018503","M327230","49","Payee","1"
"2023-10-31","PM10018503","M327234","56","QROPS Beneficiary","1"
"2023-10-31","PM10018503","M800000","40","Life Assured ","1"
"2023-10-31","PM10018567","M310272","2","Advisor    ","1"
"2023-10-31","PM10018567","M327944","41","Mail Owner","1"
"2023-10-31","PM10018567","M327944","46","Owner","1"
"2023-10-31","PM10018567","M327944","45","Online Trustee","1"
"2023-10-31","PM10018567","M327944","49","Payee","1"
"2023-10-31","PM10018567","M327948","56","QROPS Beneficiary","1"
"2023-10-31","PM10018567","M800000","40","Life Assured ","1"
"2023-10-31","QN10012521","M203940","40","Life Assured ","1"
"2023-10-31","QN10012521","M203940","41","Mail Owner","1"
"2023-10-31","QN10012521","M203940","46","Owner","1"
"2023-10-31","QN10012521","M203940","49","Payee","1"
"2023-10-31","QN10017940","M216644","46","Owner","1"
"2023-10-31","QN10017940","M216644","49","Payee","1"
"2023-10-31","QN10017940","M216644","49","Payee","1"
"2023-10-31","QN10017940","M216644","41","Mail Owner","1"
"2023-10-31","QN10017940","M216645","40","Life Assured ","1"
"2023-10-31","QN10017940","M216645","56","QROPS Beneficiary","1"
"2023-10-31","QN10021412","M206743","49","Payee","1"
"2023-10-31","QN10021412","M224540","46","Owner","1"
"2023-10-31","QN10021412","M224540","41","Mail Owner","1"
"2023-10-31","QN10021412","M224542","40","Life Assured ","1"
"2023-10-31","QN10021412","M224542","49","Payee","1"
"2023-10-31","QN10021412","M224542","56","QROPS Beneficiary","1"
"2023-10-31","QN10021412","M310272","2","Advisor    ","1"
