"System_Dt","Fund_ID","ISIN","Fund_Name","Fund_Curr_ID","Fund_Curr","Bid_Price","Price_Factor","Price_Dt"
"2023-10-31","_H002","","Danish Bond Fund - Guernsey","7","DKK","38.00000","1","2023-10-30"
"2023-10-31","08113","","VAM Fund USD","16","USD","0.96600","1","2023-10-30"
"2023-10-31","11001","","European Bond Fund","6","EUR","3.17100","1","2023-10-30"
"2023-10-31","11003IIC","","North American Bond Fund - IIC","16","USD","0.40080","1","2023-10-30"
"2023-10-31","11004","","UK Bond Fund","8","GBP","3.87900","1","2023-10-30"
"2023-10-31","11005","","World Bond Fund","16","USD","3.37100","1","2023-10-30"
"2023-10-31","11005IIC","","World Bond Fund - IIC","16","USD","0.49930","1","2023-10-30"
"2023-10-31","12001","","European Equity Fund","6","EUR","8.36300","1","2023-10-30"
"2023-10-31","12003","","North American Equity Fund","16","USD","10.87800","1","2023-10-30"
"2023-10-31","12003PIC","","North American Equity Fund - IIC2","16","USD","1.48183","1","2023-10-30"
"2023-10-31","12005","","World Equity Fund","16","USD","3.09700","1","2023-10-30"
"2023-10-31","12009","","Far East ( Excluding Japan ) Fund","16","USD","2.83000","1","2023-10-30"
"2023-10-31","12009IIC","","Far East (Excluding Japan) Fund - IIC","16","USD","0.41917","1","2023-10-30"
"2023-10-31","12010","","India Fund","16","USD","6.39000","1","2023-10-30"
"2023-10-31","12012","","Global Technology Fund (Series 1)","16","USD","5.56300","1","2023-10-30"
"2023-10-31","12013","","UK Blue Chip","8","GBP","2.05400","1","2023-10-30"
"2023-10-31","12017IIC","","Japan Growth Fund - IIC","16","USD","0.15034","1","2023-10-30"
"2023-10-31","12017PIC","","Japan Growth Fund - PIC","16","USD","0.13827","1","2023-10-30"
"2023-10-31","12019","","UK Mid Cap","8","GBP","2.38000","1","2023-10-30"
"2023-10-31","12023","","Global Emerging Markets Fund","16","USD","2.54000","1","2023-10-30"
"2023-10-31","12023IIC","","Global Emerging Markets Fund - IIC","16","USD","0.37621","1","2023-10-30"
"2023-10-31","12024","","High Yield Bond Fund","8","GBP","1.55000","1","2023-10-30"
"2023-10-31","13002","","US Dollar Adventurous Managed Fund (Series 1)","16","USD","3.45800","1","2023-10-30"
"2023-10-31","13005","","Sterling Cautious Managed Fund (Series 1)","8","GBP","2.48300","1","2023-10-30"
"2023-10-31","13006PIC","","US Dollar Cautious Managed Fund - IIC2","16","USD","0.39137","1","2023-10-30"
"2023-10-31","13014","","US Dollar Balanced Managed Fund (Series 2)","16","USD","2.24700","1","2023-10-30"
"2023-10-31","14002","","Euro Deposit Fund","6","EUR","1.81300","1","2023-10-30"
"2023-10-31","14002IIC","","Euro Deposit Fund - IIC","6","EUR","0.26853","1","2023-10-30"
"2023-10-31","14003","","Dollar Deposit Fund","16","USD","1.74200","1","2023-10-30"
"2023-10-31","14003IIC","","Dollar Deposit Fund - IIC","16","USD","0.25802","1","2023-10-30"
"2023-10-31","16005","LU0048584097","Fidelity Funds Global Thematic Opportunities A Inc USD","16","USD","59.83000","1","2023-10-30"
"2023-10-31","16007","LU0048622798","Fidelity Funds US Dollar Bond A Inc USD","16","USD","6.67000","1","2023-10-30"
"2023-10-31","16013","LU0061175625","Fidelity Funds European Smaller Companies A Inc EUR","6","EUR","55.60000","1","2023-10-30"
"2023-10-31","16018","LU0099574567","Fidelity Funds Global Technology A Inc EUR","6","EUR","49.74000","1","2023-10-30"
"2023-10-31","17004","HK0000055647","JPMorgan Asian Smaller Companies Acc USD","16","USD","261.85000","1","2023-10-30"
"2023-10-31","20015","","Schroder ISF Japanese Equity A Inc JPY AV","4","JPY","1291.39300","1","2023-10-30"
"2023-10-31","20032","GB0008528696","Schroder UK Mid 250 A Acc GBP","8","GBP","2.66800","1","2023-10-30"
"2023-10-31","20041","LU0279459456","Schroder ISF Global Emerging Market Opportunities A EUR","6","EUR","20.88780","1","2023-10-30"
"2023-10-31","20042","LU0269904917","Schroder ISF Global Emerging Market Opportunities A USD","16","USD","17.15440","1","2023-10-30"
"2023-10-31","22053","LU0228659784","Schroder ISF BIC A Acc USD","16","USD","201.34530","1","2023-10-30"
"2023-10-31","22068","LU0106252389","Schroder ISF Emerging Markets A Acc USD","16","USD","14.57670","1","2023-10-30"
"2023-10-31","22070","LU0248176959","Schroder ISF Emerging Markets A Acc EUR","6","EUR","13.70320","1","2023-10-30"
"2023-10-31","22071","","Schroder ISF Global Equity A USD Acc","16","USD","36.22280","1","2023-10-30"
"2023-10-31","22071","LU0215105999","Schroder ISF Global Equity A USD Acc","16","USD","36.22280","1","2023-10-30"
"2023-10-31","06005","","FP Harmony USD Balanced","16","USD","0.95300","1","2023-10-30"
"2023-10-31","06005IIC","","FP Harmony USD Balanced - IIC","16","USD","0.19858","1","2023-10-30"
"2023-10-31","11001PIC","","European Bond Fund - IIC2","6","EUR","0.43196","1","2023-10-30"
"2023-10-31","11003","","North American Bond Fund","16","USD","2.70600","1","2023-10-30"
"2023-10-31","11004IIC","","UK Bond Fund - IIC","8","GBP","0.57454","1","2023-10-30"
"2023-10-31","12001PIC","","European Equity Fund - IIC2","6","EUR","1.13923","1","2023-10-30"
"2023-10-31","12004","","UK Equity Fund","8","GBP","3.43000","1","2023-10-30"
"2023-10-31","12005","","World Equity Fund","16","USD","3.09700","1","2023-10-30"
"2023-10-31","12005IIC","","World Equity Fund - IIC","16","USD","0.45871","1","2023-10-30"
"2023-10-31","12005PIC","","World Equity Fund - IIC2","16","USD","0.42188","1","2023-10-30"
"2023-10-31","12008","","China Opportunities Fund","16","USD","4.58800","1","2023-10-30"
"2023-10-31","12009PIC","","Far East (Excluding Japan) Fund - PIC","16","USD","0.38551","1","2023-10-30"
"2023-10-31","12017","","Japan Growth Fund","16","USD","1.01500","1","2023-10-30"
"2023-10-31","12019IIC","","UK Mid Cap Fund - IIC","8","GBP","0.56104","1","2023-10-30"
"2023-10-31","13001","","Sterling Adventurous Managed Fund (Series 1)","8","GBP","4.51700","1","2023-10-30"
"2023-10-31","13001IIC","","Sterling Adventurous Managed Fund - IIC","8","GBP","0.66904","1","2023-10-30"
"2023-10-31","13003","","Sterling Balanced Managed Fund (Series 1)","8","GBP","3.35400","1","2023-10-30"
"2023-10-31","13004","","US Dollar Balanced Managed Fund (Series 1)","16","USD","3.35200","1","2023-10-30"
"2023-10-31","13006","","US Dollar Cautious Managed Fund (Series 1)","16","USD","2.87300","1","2023-10-30"
"2023-10-31","13011","","Sterling Adventurous Managed Fund (Series 2)","8","GBP","2.53500","1","2023-10-30"
"2023-10-31","14001","","Sterling Deposit Fund","8","GBP","2.38800","1","2023-10-30"
"2023-10-31","14003PIC","","Dollar Deposit Fund - IIC2","16","USD","0.23730","1","2023-10-30"
"2023-10-31","14012","","Global Technology Fund (Series 2)","16","USD","1.16500","1","2023-10-30"
"2023-10-31","15001","","Global Growth Portfolio","8","GBP","2.28900","1","2023-10-30"
"2023-10-31","15001IIC","","Global Growth Portfolio - IIC","8","GBP","0.33233","1","2023-10-30"
"2023-10-31","16012","","Fidelity Funds European Growth A Inc EUR","6","EUR","15.83000","1","2023-10-30"
"2023-10-31","16016","LU0077335932","Fidelity Funds American Growth A Inc USD","16","USD","76.38000","1","2023-10-30"
"2023-10-31","16053","","Fidelity Funds Sustainable Asia Equity A Acc USD","16","USD","25.26000","1","2023-10-30"
"2023-10-31","18013","GB0033028118","Invesco Responsible Japanese Eq Value Discovery (UK) Acc GBP","8","GBP","3.76310","1","2023-10-30"
"2023-10-31","20018","LU0006306889","Schroder ISF US Large Cap A Inc USD AV","16","USD","216.30490","1","2023-10-30"
"2023-10-31","20022","LU0091253459","Schroder ISF Asian Bond Total Return A Inc USD MV","16","USD","4.96960","1","2023-10-30"
"2023-10-31","20051","LU0106250508","Schroder ISF Asian Bond Total Return A USD","16","USD","14.83250","1","2023-10-30"
"2023-10-31","22052","LU0232931963","Schroder ISF BIC A Acc EUR","6","EUR","189.70500","1","2023-10-30"
"2023-10-31","23008","","BGF US Dollar Reserve A2 Acc GBP Hedged","8","GBP","196.30580","1","2023-10-30"
"2023-10-31","23008","LU0297945965","BGF US Dollar Reserve A2 Acc GBP Hedged","8","GBP","196.30580","1","2023-10-30"
"2023-10-31","23017","LU0204064025","BGF United Kingdom A4 Inc GBP","8","GBP","95.71000","1","2023-10-30"
"2023-10-31","23057","LU0171277485","BGF Euro Markets A2 USD","16","USD","37.07000","1","2023-10-30"
"2023-10-31","23070","LU0055631609","BGF World Gold A2 USD","16","USD","31.97000","1","2023-10-30"
"2023-10-31","27013","IE0003851619","Mellon GF Asian Equity (US$ B Share Class)","16","USD","4.09040","1","2023-10-30"
"2023-10-31","27053","IE0004004283","BNY Mellon Sustainable Global Equity A USD","16","USD","2.79760","1","2023-10-30"
"2023-10-31","29004","LU0052864419","Invesco Global Consumer Trends A Acc USD","16","USD","51.17000","1","2023-10-30"
"2023-10-31","29015","LU0267985231","Invesco Pan European Equity A Inc EUR","6","EUR","19.18000","1","2023-10-30"
"2023-10-31","30101","LU0070302665","Franklin Mutual U.S. Value A Acc USD","16","USD","88.24000","1","2023-10-30"
"2023-10-31","0965","","Royal London With Profits Fund","6","EUR","1.47644","1","2023-10-30"
"2023-10-31","11001","","European Bond Fund","6","EUR","3.17100","1","2023-10-30"
"2023-10-31","11004PIC","","UK Bond Fund - PIC2","8","GBP","0.52841","1","2023-10-30"
"2023-10-31","11005","","World Bond Fund","16","USD","3.37100","1","2023-10-30"
"2023-10-31","12001","","European Equity Fund","6","EUR","8.36300","1","2023-10-30"
"2023-10-31","12001IIC","","European Equity Fund - IIC","6","EUR","1.23869","1","2023-10-30"
"2023-10-31","12008IIC","","China Opportunities Fund - IIC","16","USD","1.08154","1","2023-10-30"
"2023-10-31","12012PIC","","Global Technology Fund - PIC","16","USD","1.34202","1","2023-10-30"
"2023-10-31","12013","","UK Blue Chip","8","GBP","2.05400","1","2023-10-30"
"2023-10-31","12017","","Japan Growth Fund","16","USD","1.01500","1","2023-10-30"
"2023-10-31","12023","","Global Emerging Markets Fund","16","USD","2.54000","1","2023-10-30"
"2023-10-31","13002IIC","","US Dollar Adventurous Managed Fund - IIC","16","USD","0.51218","1","2023-10-30"
"2023-10-31","13002PIC","","US Dollar Adventurous Managed Fund - IIC2","16","USD","0.47106","1","2023-10-30"
"2023-10-31","13004IIC","","US Dollar Balanced Managed Fund - IIC","16","USD","0.49648","1","2023-10-30"
"2023-10-31","13004PIC","","US Dollar Balanced Managed Fund - IIC2","16","USD","0.45662","1","2023-10-30"
"2023-10-31","13005PIC","","Sterling Cautious Managed Fund - IIC2","8","GBP","0.33824","1","2023-10-30"
"2023-10-31","13006IIC","","US Dollar Cautious Managed Fund - IIC","16","USD","0.42553","1","2023-10-30"
"2023-10-31","13015","","Sterling Cautious Managed Fund (Series 2)","8","GBP","1.65200","1","2023-10-30"
"2023-10-31","14002","","Euro Deposit Fund","6","EUR","1.81300","1","2023-10-30"
"2023-10-31","14003","","Dollar Deposit Fund","16","USD","1.74200","1","2023-10-30"
"2023-10-31","15001PIC","","Global Growth Portfolio - IIC2","8","GBP","0.31181","1","2023-10-30"
"2023-10-31","16001","LU0054237671","Fidelity Funds Asian Special Situations A Inc USD","16","USD","45.56000","1","2023-10-30"
"2023-10-31","16052","LU0251130802","Fidelity Funds European High Yield EUR","6","EUR","20.90000","1","2023-10-30"
"2023-10-31","16053","LU0261947096","Fidelity Funds Sustainable Asia Equity A Acc USD","16","USD","25.26000","1","2023-10-30"
"2023-10-31","16070","LU0286668453","Fidelity Funds Asian High Yield A USD","16","USD","12.19000","1","2023-10-30"
"2023-10-31","16079","LU0261950041","Fidelity Funds Australian Diversified Equity A Acc AUD","9","AUD","25.61000","1","2023-10-30"
"2023-10-31","17006","MU0129U00005","JPMorgan India Acc USD","16","USD","307.68000","1","2023-10-30"
"2023-10-31","17016","HK0000055670","JPMorgan Japan (Yen) Acc JPY","4","JPY","49302.00000","1","2023-10-30"
"2023-10-31","17071","LU0210535976","JPM US Small Cap Growth A Acc USD","16","USD","31.65000","1","2023-10-30"
"2023-10-31","18008","GB0033030528","Invesco UK Smaller Companies Equity (UK) Acc GBP","8","GBP","11.56860","1","2023-10-30"
"2023-10-31","20015","LU0012050562","Schroder ISF Japanese Equity A Inc JPY AV","4","JPY","1291.39300","1","2023-10-30"
"2023-10-31","20017","LU0048388663","Schroder ISF Asian Opportunities A Inc USD AV","16","USD","14.74260","1","2023-10-30"
"2023-10-31","20030","GB0007649535","Schroder UK Smaller Companies A Acc GBP","8","GBP","37.39000","1","2023-10-30"
"2023-10-31","20031","GB0003880183","Schroder Global Healthcare A Acc GBP","8","GBP","2.61300","1","2023-10-30"
"2023-10-31","22072","LU0491681010","Schroder ISF Global Equity A AUD Hdg","9","AUD","270.16590","1","2023-10-30"
"2023-10-31","23014","LU0055631609","BGF World Gold A2 Acc USD","16","USD","31.97000","1","2023-10-30"
"2023-10-31","23015","LU0072463663","BGF Latin American A2 Acc USD","16","USD","64.36000","1","2023-10-30"
"2023-10-31","23016","LU0154236417","BGF US Flexible Equity A2 Acc USD","16","USD","52.25000","1","2023-10-30"
"2023-10-31","23017","","BGF United Kingdom A4 Inc GBP","8","GBP","95.71000","1","2023-10-30"
"2023-10-31","23062","LU0171289498","BGF Latin American A2 EUR","6","EUR","60.68000","1","2023-10-30"
"2023-10-31","23064","LU0171301533","BGF World Energy A2 EUR","6","EUR","22.62000","1","2023-10-30"
"2023-10-31","23066","LU0171305526","BGF World Gold A2 EUR","6","EUR","30.14000","1","2023-10-30"
"2023-10-31","23067","LU0172157280","BGF World Mining A2 EUR","6","EUR","52.90000","1","2023-10-30"
"2023-10-31","23011","LU0050372472","BGF Euro Bond A2 Acc EUR","6","EUR","25.21000","1","2023-10-30"
"2023-10-31","23013","LU0006061419","BGF US Dollar Reserve A2 Acc USD","16","USD","166.59520","1","2023-10-30"
"2023-10-31","23016","","BGF US Flexible Equity A2 Acc USD","16","USD","52.25000","1","2023-10-30"
"2023-10-31","23027","","BGF US Mid-Cap Value A2 Acc USD","16","USD","297.67000","1","2023-10-30"
"2023-10-31","23056","LU0093502762","BGF Euro Markets A2 EUR","6","EUR","34.95000","1","2023-10-30"
"2023-10-31","23058","LU0171283459","BGF Global Allocation A2 EUR","6","EUR","61.35000","1","2023-10-30"
"2023-10-31","23070","","BGF World Gold A2 USD","16","USD","31.97000","1","2023-10-30"
"2023-10-31","27006","GB0006779549","BNY Mellon UK Equity Inc GBP","8","GBP","7.75870","1","2023-10-30"
"2023-10-31","27023","IE0003795394","BNY Mellon Asian Opportunities A Acc USD","16","USD","3.71120","1","2023-10-30"
"2023-10-31","28021","LU0200076213","Janus Henderson Global Equity A2 Acc EUR","6","EUR","22.30440","1","2023-10-30"
"2023-10-31","29022","LU0243957825","Invesco Euro Corporate Bond A Acc EUR","6","EUR","17.06340","1","2023-10-30"
"2023-10-31","30353","LU0231203729","Franklin India A Acc USD","16","USD","53.91000","1","2023-10-30"
"2023-10-31","30355","LU0211333025","Franklin Mutual Global Discovery A Acc EUR","6","EUR","25.86000","1","2023-10-30"
"2023-10-31","31206","GB0030956949","Janus Henderson UK Alpha A Acc GBP","8","GBP","1.25100","1","2023-10-30"
"2023-10-31","31250","GB0031412744","Janus Henderson Multi-Manager Managed A GBP","8","GBP","3.01800","1","2023-10-30"
"2023-10-31","31302","LU0293313325","Allianz GEM Equity High Dividend Acc EUR","6","EUR","124.14000","1","2023-10-30"
"2023-10-31","37052","GB00B2Q8L643","Sarasin Food & Agriculture Opportunities A Acc GBP","8","GBP","1.74900","1","2023-10-30"
"2023-10-31","41202","LU0209137388","Janus Henderson Horizon Global Property Equities A2 USD","16","USD","20.58000","1","2023-10-30"
"2023-10-31","46020","CH0104850968","Pictet CH Precious Metals - Physical Gold P EUR","6","EUR","179.34000","1","2023-10-30"
"2023-10-31","46021","CH0104850497","Pictet CH Precious Metals - Physical Gold P USD","16","USD","190.23000","1","2023-10-30"
"2023-10-31","47011","LU0594300179","Fidelity Funds China Consumer A Acc USD","16","USD","14.02000","1","2023-10-30"
"2023-10-31","47033","IE00B5VMBV77","GAM Star Global Balanced C Acc USD Hgd","16","USD","14.73880","1","2023-10-30"
"2023-10-31","47035","IE00B5SQTM95","GAM Star Global Balanced C Acc EUR Hgd","6","EUR","12.67190","1","2023-10-30"
"2023-10-31","47039","IE00B7FCT578","GAM Star Global Cautious C Acc EUR Hgd","6","EUR","11.10990","1","2023-10-30"
"2023-10-31","47042","LU0441851309","JPM ASEAN Equity A Acc USD","16","USD","21.59000","1","2023-10-30"
"2023-10-31","47044","LU0210528419","JPM Taiwan A Acc USD","16","USD","34.00000","1","2023-10-30"
"2023-10-31","47045","LU0401357313","JPM Taiwan A Acc EUR","6","EUR","40.42000","1","2023-10-30"
"2023-10-31","47070","LU0404611757","VAM Fund A GBP","8","GBP","204.15000","1","2023-10-30"
"2023-10-31","47089","IE00BGHQF524","Guinness Global Energy C EUR","6","EUR","10.11850","1","2023-10-30"
"2023-10-31","47106","LU0210528500","JPM America Equity A Acc USD","16","USD","41.68000","1","2023-10-30"
"2023-10-31","47109","GB0001531424","CT European Smaller Companies Ret Acc GBP","8","GBP","8.99020","1","2023-10-30"
"2023-10-31","47112","GB0033547604","CT UK Mid 250 Net R Acc GBP","8","GBP","2.04720","1","2023-10-30"
"2023-10-31","47115","LU0534239909","Invesco Global Total Return (EUR) Bond A Acc EUR","6","EUR","13.55320","1","2023-10-30"
"2023-10-31","47121","IE00BF2GM042","Janus Henderson Global Life Sciences A Hgd Acc AUD","9","AUD","21.89000","1","2023-10-30"
"2023-10-31","47130","IE00BQXX3C00","Guinness Global Innovators C Acc GBP","8","GBP","25.48070","1","2023-10-30"
"2023-10-31","47131","IE00BQXX3D17","Guinness Global Innovators C Acc EUR","6","EUR","22.90760","1","2023-10-30"
"2023-10-31","47132","IE00BQXX3F31","Guinness Global Innovators C Acc USD","16","USD","19.34290","1","2023-10-30"
"2023-10-31","47153","LU0327381843","Schroder ISF Asian Bond Total Return A EUR Hgd","6","EUR","1.06462","100","2023-10-30"
"2023-10-31","47155","LU0006344922","UBS (Lux) Money Market EUR Sustainable P Acc","6","EUR","8.29480","100","2023-10-30"
"2023-10-31","47156","LU0006277635","UBS (Lux) Money Market GBP Sustainable P Acc","8","GBP","8.67980","100","2023-10-30"
"2023-10-31","0569","","Royal London With Profits Fund","6","EUR","1.47644","1","2023-10-30"
"2023-10-31","0610","","OLAB Cash Fund EUR","6","EUR","1.04169","1","2023-10-30"
"2023-10-31","08114","","VAM Fund GBP","8","GBP","1.27800","1","2023-10-30"
"2023-10-31","0942","","RLL Deposit Fund","8","GBP","3.19900","1","2023-10-30"
"2023-10-31","0943","","RLL UK Equity Fund","8","GBP","16.46300","1","2023-10-30"
"2023-10-31","0963","","Royal London With Profits Fund","6","EUR","1.47644","1","2023-10-30"
"2023-10-31","0964","","Royal London With Profits Fund","6","EUR","1.47644","1","2023-10-30"
"2023-10-31","11001IIC","","European Bond Fund - IIC","6","EUR","0.46967","1","2023-10-30"
"2023-10-31","11003","","North American Bond Fund","16","USD","2.70600","1","2023-10-30"
"2023-10-31","11004","","UK Bond Fund","8","GBP","3.87900","1","2023-10-30"
"2023-10-31","12003","","North American Equity Fund","16","USD","10.87800","1","2023-10-30"
"2023-10-31","12003IIC","","North American Equity Fund - IIC","16","USD","1.61120","1","2023-10-30"
"2023-10-31","12004","","UK Equity Fund","8","GBP","3.43000","1","2023-10-30"
"2023-10-31","12004IIC","","UK Equity Fund - IIC","8","GBP","0.50803","1","2023-10-30"
"2023-10-31","12008","","China Opportunities Fund","16","USD","4.58800","1","2023-10-30"
"2023-10-31","12009","","Far East ( Excluding Japan ) Fund","16","USD","2.83000","1","2023-10-30"
"2023-10-31","12010IIC","","India Fund - IIC","16","USD","1.50633","1","2023-10-30"
"2023-10-31","12012","","Global Technology Fund (Series 1)","16","USD","5.56300","1","2023-10-30"
"2023-10-31","12012IIC","","Global Technology Fund - IIC","16","USD","1.31138","1","2023-10-30"
"2023-10-31","12013IIC","","UK Blue Chip Fund - IIC","8","GBP","0.48419","1","2023-10-30"
"2023-10-31","12019","","UK Mid Cap","8","GBP","2.38000","1","2023-10-30"
"2023-10-31","12024","","High Yield Bond Fund","8","GBP","1.55000","1","2023-10-30"
"2023-10-31","13001","","Sterling Adventurous Managed Fund (Series 1)","8","GBP","4.51700","1","2023-10-30"
"2023-10-31","13001PIC","","Sterling Adventurous Managed Fund - IIC2","8","GBP","0.61532","1","2023-10-30"
"2023-10-31","13002","","US Dollar Adventurous Managed Fund (Series 1)","16","USD","3.45800","1","2023-10-30"
"2023-10-31","13003","","Sterling Balanced Managed Fund (Series 1)","8","GBP","3.35400","1","2023-10-30"
"2023-10-31","13003IIC","","Sterling Balanced Managed Fund - IIC","8","GBP","0.49678","1","2023-10-30"
"2023-10-31","13003PIC","","Sterling Balanced Managed Fund - IIC2","8","GBP","0.45689","1","2023-10-30"
"2023-10-31","13004","","US Dollar Balanced Managed Fund (Series 1)","16","USD","3.35200","1","2023-10-30"
"2023-10-31","13005","","Sterling Cautious Managed Fund (Series 1)","8","GBP","2.48300","1","2023-10-30"
"2023-10-31","13005IIC","","Sterling Cautious Managed Fund - IIC","8","GBP","0.36777","1","2023-10-30"
"2023-10-31","13006","","US Dollar Cautious Managed Fund (Series 1)","16","USD","2.87300","1","2023-10-30"
"2023-10-31","13012","","US Dollar Adventurous Managed Fund (Series 2)","16","USD","2.16600","1","2023-10-30"
"2023-10-31","13013","","Sterling Balanced Managed Fund (Series 2)","8","GBP","2.00400","1","2023-10-30"
"2023-10-31","14001","","Sterling Deposit Fund","8","GBP","2.38800","1","2023-10-30"
"2023-10-31","14001IIC","","Sterling Deposit Fund - IIC","8","GBP","0.35370","1","2023-10-30"
"2023-10-31","16012","LU0048578792","Fidelity Funds European Growth A Inc EUR","6","EUR","15.83000","1","2023-10-30"
"2023-10-31","16016","","Fidelity Funds American Growth A Inc USD","16","USD","76.38000","1","2023-10-30"
"2023-10-31","16018","","Fidelity Funds Global Technology A Inc EUR","6","EUR","49.74000","1","2023-10-30"
"2023-10-31","16069","LU0286668966","Fidelity Funds Asian High Yield A EUR","6","EUR","14.89000","1","2023-10-30"
"2023-10-31","16072","LU0261946445","Fidelity Funds Sustainable Asia Equity A Acc EUR","6","EUR","30.24000","1","2023-10-30"
"2023-10-31","17013","HK0000055746","JPMorgan Pacific Securities Acc USD","16","USD","400.15000","1","2023-10-30"
"2023-10-31","17017","LU0053685615","JPM Emerging Markets A Dist USD","16","USD","35.08000","1","2023-10-30"
"2023-10-31","17066","LU0208853274","JPM Global Natural Resources A Acc EUR","6","EUR","20.10000","1","2023-10-30"
"2023-10-31","17067","LU0266512127","JPM Global Natural Resources A Acc USD","16","USD","13.04000","1","2023-10-30"
"2023-10-31","30301","LU0052750758","Templeton China A Acc USD","16","USD","19.06000","1","2023-10-30"
"2023-10-31","30302","LU0128525929","Templeton Global A Acc USD","16","USD","37.95000","1","2023-10-30"
"2023-10-31","30354","LU0231205187","Franklin India A Acc EUR","6","EUR","61.41000","1","2023-10-30"
"2023-10-31","30401","GB0001530566","CT American R Acc GBP","8","GBP","4.73700","1","2023-10-30"
"2023-10-31","30402","GB0001529345","CT European Select R Acc GBP","8","GBP","3.90710","1","2023-10-30"
"2023-10-31","30403","GB0031109738","CT Sterling Corporate Bond R Inc GBP","8","GBP","0.51540","1","2023-10-30"
"2023-10-31","41203","LU0070992663","Janus Henderson Horizon Global Technology Leaders A2 USD","16","USD","141.56000","1","2023-10-30"
"2023-10-31","41207","LU0593293326","Janus Henderson Horizon Euro Corporate Bond A3 Inc GBP Hedged","8","GBP","108.53000","1","2023-10-30"
"2023-10-31","45000","GB00B031C923","Premier Miton Cautious Multi Asset GBP","8","GBP","2.50900","1","2023-10-30"
"2023-10-31","47013","LU0303816705","Fidelity Funds Emerging Europe Middle East & Africa A Acc EUR","6","EUR","12.39000","1","2023-10-30"
"2023-10-31","47016","LU0210534813","JPM Global Sustainable Equity A Acc USD","16","USD","26.43000","1","2023-10-30"
"2023-10-31","47018","LU0217139020","Pictet Premium Brands P EUR","6","EUR","245.02000","1","2023-10-30"
"2023-10-31","47019","LU0280433847","Pictet Premium Brands P USD","16","USD","259.97000","1","2023-10-30"
"2023-10-31","47021","LU0340559557","Pictet Timber P EUR","6","EUR","194.89000","1","2023-10-30"
"2023-10-31","47029","GB0033031153","Invesco UK Opportunities (UK) Acc GBP","8","GBP","8.79810","1","2023-10-30"
"2023-10-31","47040","IE00B8JTQP09","GAM Star Global Growth C Acc EUR Hgd","6","EUR","12.83840","1","2023-10-30"
"2023-10-31","47060","LU0430493139","JPM Aggregate Bond AA$","16","USD","13.94000","1","2023-10-30"
"2023-10-31","47071","LU0297699406","VAM Fund A USD","16","USD","135.37000","1","2023-10-30"
"2023-10-31","47091","IE00BGHQF631","Guinness Global Equity Income C EUR","6","EUR","22.95900","1","2023-10-30"
"2023-10-31","47094","LU0794791870","Invesco Global Equity Income A Hedged Acc EUR","6","EUR","17.76000","1","2023-10-30"
"2023-10-31","47097","LU0880062913","JPM Global Healthcare A Acc EUR","6","EUR","241.96000","1","2023-10-30"
"2023-10-31","47101","LU0260869739","Franklin US Opportunities A Acc EUR","6","EUR","22.33000","1","2023-10-30"
"2023-10-31","47106","","JPM America Equity A Acc USD","16","USD","41.68000","1","2023-10-30"
"2023-10-31","47107","LU0159042083","JPM America Equity A Hedged Acc EUR","6","EUR","21.59000","1","2023-10-30"
"2023-10-31","47147","LU0957039414","JPM Global Balanced A USD (Hedged)","16","USD","1.96310","100","2023-10-30"
"2023-10-31","47148","LU0070215933","JPM US Bond A USD","16","USD","2.17870","100","2023-10-30"
"2023-10-31","47160","LU0068578508","First Eagle Amundi International AU-C USD","16","USD","7.98996","1000","2023-10-30"
"2023-10-31","47166","LU0006277684","UBS (Lux) Money Market USD Sustainable P Acc.","16","USD","1.91668","1000","2023-10-30"
"2023-10-31","47182","LU1153585291","BGF Global Long-Horizon Equity A4 Inc GBP","8","GBP","23.52000","1","2023-10-30"
"2023-10-31","47189","LU0171311680","BGF World Technology A2 Acc GBP","8","GBP","48.43000","1","2023-10-30"
"2023-10-31","47197","LU1261431768","Fidelity Funds Global Dividend A Acc EUR","6","EUR","15.26000","1","2023-10-30"
"2023-10-31","47203","IE00BJ358887","GAM Star Global Growth A Acc GBP","8","GBP","14.12030","1","2023-10-30"
"2023-10-31","47210","LU0572952017","Janus Henderson Horizon Global Technology Leaders A2 Acc GBP","8","GBP","116.59000","1","2023-10-30"
"2023-10-31","47214","LU0846948197","Ninety One GSF Global Franchise A Acc EUR","6","EUR","55.04000","1","2023-10-30"
"2023-10-31","47216","LU0869878131","Ninety One GSF Global Franchise A Acc CHF","1","CHF","33.04000","1","2023-10-30"
"2023-10-31","47219","LU0318931358","JPM Emerging Markets Small Cap A Acc Perf USD","16","USD","16.55000","1","2023-10-30"
"2023-10-31","47222","LU0966834136","Jupiter European Growth L Acc USD hgd","16","USD","23.71000","1","2023-10-30"
"2023-10-31","47226","LU0334663233","Schroder ISF US Sml & Mid-Cap Eqty A Acc EUR hgd","6","EUR","1.96887","100","2023-10-30"
"2023-10-31","47233","LU0594555590","Matthews Asia - Pacific Tiger A Acc GBP","8","GBP","19.68000","1","2023-10-30"
"2023-10-31","18011","GB0033030742","Invesco Income & Growth (UK) Acc GBP","8","GBP","11.96310","1","2023-10-30"
"2023-10-31","22069","LU0491680715","Schroder ISF Emerging Markets A AUD Hgd","9","AUD","121.81680","1","2023-10-30"
"2023-10-31","23013","","BGF US Dollar Reserve A2 Acc USD","16","USD","166.59520","1","2023-10-30"
"2023-10-31","23027","LU0006061336","BGF US Mid-Cap Value A2 Acc USD","16","USD","297.67000","1","2023-10-30"
"2023-10-31","23063","LU0171289738","BGF Latin American A2 GBP","8","GBP","53.01000","1","2023-10-30"
"2023-10-31","23065","LU0122376428","BGF World Energy A2 USD","16","USD","23.99000","1","2023-10-30"
"2023-10-31","23071","LU0072463663","BGF Latin American A2 USD","16","USD","64.36000","1","2023-10-30"
"2023-10-31","23072","","BGF Global Allocation A2 USD","16","USD","65.08000","1","2023-10-30"
"2023-10-31","23072","LU0072462426","BGF Global Allocation A2 USD","16","USD","65.08000","1","2023-10-30"
"2023-10-31","23073","LU0063729296","BGF Asian Tiger Bond A2 USD","16","USD","35.87000","1","2023-10-30"
"2023-10-31","26013","IE0032149506","Barings Global Emerging Markets A Inc GBP","8","GBP","29.77000","1","2023-10-30"
"2023-10-31","27022","IE0004004283","BNY Mellon Sustainable Global Equity A Acc USD","16","USD","2.79760","1","2023-10-30"
"2023-10-31","27052","IE0003924739","BNY Mellon Global Bond A USD","16","USD","1.86880","1","2023-10-30"
"2023-10-31","27060","IE0004003764","BNY Mellon Sustainable Global Equity A EUR","6","EUR","2.38940","1","2023-10-30"
"2023-10-31","30102","LU0029872446","Franklin U.S. Government A MDis USD","16","USD","6.79000","1","2023-10-30"
"2023-10-31","30301","","Templeton China A Acc USD","16","USD","19.06000","1","2023-10-30"
"2023-10-31","34069","LU0091101195","Credit Suisse (Lux) Portfolio Growth B Acc EUR","6","EUR","193.43000","1","2023-10-30"
"2023-10-31","36051","LU0219441499","MFS Meridian Global Total Return A1 USD","16","USD","35.73000","1","2023-10-30"
"2023-10-31","36053","LU0219431771","MFS Meridian Global Total Return A1 GBP","8","GBP","14.10000","1","2023-10-30"
"2023-10-31","41205","LU0264597617","Janus Henderson Horizon Pan European Absolute Return A2 EUR","6","EUR","16.91000","1","2023-10-30"
"2023-10-31","41506","LU0309035870","Pictet Short-Term Money Market R JPY","4","JPY","9885.16000","1","2023-10-30"
"2023-10-31","47020","LU0340557775","Pictet Timber P USD","16","USD","206.86000","1","2023-10-30"
"2023-10-31","47034","IE00B5KRCY30","GAM Star Global Balanced C Acc GBP","8","GBP","13.99400","1","2023-10-30"
"2023-10-31","47037","IE00B8F9FP72","GAM Star Global Growth C Acc GBP","8","GBP","15.69330","1","2023-10-30"
"2023-10-31","47043","LU0441852612","JPM ASEAN Equity A Acc EUR","6","EUR","20.34000","1","2023-10-30"
"2023-10-31","47061","LU0095938881","JPM Global Macro Opportunities A Acc EUR","6","EUR","193.49000","1","2023-10-30"
"2023-10-31","47065","LU0171276677","BGF European Special Situations A2 Acc USD","16","USD","56.24000","1","2023-10-30"
"2023-10-31","47068","LU0293692165","VAM Emerging Markets Growth A USD","16","USD","98.18000","1","2023-10-30"
"2023-10-31","47069","LU0404614934","VAM Fund A EUR","6","EUR","186.51000","1","2023-10-30"
"2023-10-31","47088","IE00B3CCJ963","Guinness Global Energy C GBP","8","GBP","12.85380","1","2023-10-30"
"2023-10-31","47093","LU0607513230","Invesco Global Equity Income A Acc USD","16","USD","89.91000","1","2023-10-30"
"2023-10-31","47104","LU0316494391","Franklin US Opportunities A H1 Acc EUR","6","EUR","13.70000","1","2023-10-30"
"2023-10-31","47105","LU0217390227","JPM America Equity A Acc EUR","6","EUR","274.32000","1","2023-10-30"
"2023-10-31","47114","GB0031075558","Ninety One UK Smaller Companies A Acc GBP","8","GBP","39.25910","1","2023-10-30"
"2023-10-31","47123","IE0009355771","Janus Henderson Global Life Sciences A Hgd Acc USD","16","USD","43.90000","1","2023-10-30"
"2023-10-31","47139","LU0210533765","JPM Global Growth A Acc USD","16","USD","21.85000","1","2023-10-30"
"2023-10-31","47141","LU0792756115","Franklin Global Sukuk A Acc USD","16","USD","11.99000","1","2023-10-30"
"2023-10-31","47143","LU0792757196","Templeton Shariah Global Equity A Acc USD","16","USD","14.68000","1","2023-10-30"
"2023-10-31","47163","","Aberdeen Standard Liquidity (Lux) GBP A2 Acc","8","GBP","50.73738","100","2023-10-30"
"2023-10-31","47169","IE00BVYPNW00","Guinness Global Equity Income C USD Acc","16","USD","17.19900","1","2023-10-30"
"2023-10-31","47188","LU0171310443","BGF World Technology A2 Acc EUR","6","EUR","55.43000","1","2023-10-30"
"2023-10-31","47199","IE00BJ358556","GAM Star Global Cautious A Acc GBP","8","GBP","12.43480","1","2023-10-30"
"2023-10-31","47201","IE00B55YB208","GAM Star Global Balanced A Acc GBP","8","GBP","12.88560","1","2023-10-30"
"2023-10-31","47205","IE00BGHQDM52","Guinness Asian Equity Income C Acc EUR","6","EUR","19.00800","1","2023-10-30"
"2023-10-31","47218","LU0318933057","JPM Emerging Markets Small Cap A Acc Perf EUR","6","EUR","15.61000","1","2023-10-30"
"2023-10-31","47223","LU0240877869","Schroder ISF Global Smaller Companies A Acc USD","16","USD","2.19722","100","2023-10-30"
"2023-10-31","47234","LU0491815824","Matthews Asia - Pacific Tiger A Acc USD","16","USD","15.21000","1","2023-10-30"
"2023-10-31","47237","LU1220257304","Matthews Asia - Japan A Acc USD","16","USD","13.11000","1","2023-10-30"
"2023-10-31","47248","LU0133096635","T.Rowe Price US Smaller Companies Equity A USD","16","USD","64.22000","1","2023-10-30"
"2023-10-31","47250","IE00B3NLSS43","Polar Capital Healthcare Opportunities R EUR","6","EUR","52.12000","1","2023-10-30"
"2023-10-31","47257","","JPM Global Growth A Dist USD","16","USD","40.67000","1","2023-10-30"
"2023-10-31","47258","LU0972617095","Ninety One GSF Global Multi-Asset Income A Acc USD","16","USD","25.50000","1","2023-10-30"
"2023-10-31","47359","LU0063729296","BGF Asian Tiger Bond A2 USD","16","USD","35.87000","1","2023-10-30"
"2023-10-31","47362","LU0093502762","BGF Euro Markets A2 EUR","6","EUR","34.95000","1","2023-10-30"
"2023-10-31","47363","LU0171277485","BGF Euro Markets A2 USD","16","USD","37.07000","1","2023-10-30"
"2023-10-31","47380","LU0122376428","BGF World Energy A2 USD","16","USD","23.99000","1","2023-10-30"
"2023-10-31","47387","LU0056508442","BGF World Technology A2 Acc USD","16","USD","58.80000","1","2023-10-30"
"2023-10-31","47398","IE00B3BRDK12","Canaccord Genuity Opportunity A Acc USD","16","USD","2.30360","1","2023-10-30"
"2023-10-31","47407","LU0286668966","Fidelity Funds Asian High Yield A EUR","6","EUR","14.89000","1","2023-10-30"
"2023-10-31","47423","LU0261947096","Fidelity Funds Sustainable Asia Equity A Acc USD","16","USD","25.26000","1","2023-10-30"
"2023-10-31","47431","LU0231205187","Franklin India A Acc EUR","6","EUR","61.41000","1","2023-10-30"
"2023-10-31","47435","LU0260869739","Franklin US Opportunities A Acc EUR","6","EUR","22.33000","1","2023-10-30"
"2023-10-31","47441","IE00B5KRCY30","GAM Star Global Balanced C Acc GBP","8","GBP","13.99400","1","2023-10-30"
"2023-10-31","47459","IE00BVYPNQ40","Guinness Asian Equity Income C Acc USD","16","USD","13.22210","1","2023-10-30"
"2023-10-31","47460","IE00B2Q91V27","Guinness Global Energy C USD","16","USD","8.47980","1","2023-10-30"
"2023-10-31","47464","IE00BVYPNV92","Guinness Global Equity Income C GBP Acc","8","GBP","21.16380","1","2023-10-30"
"2023-10-31","47477","LU0200076999","Janus Henderson Global Equity A2 Acc USD","16","USD","16.70700","1","2023-10-30"
"2023-10-31","47496","LU0607513230","Invesco Global Equity Income A Acc USD","16","USD","89.91000","1","2023-10-30"
"2023-10-31","47507","GB0033031153","Invesco UK Opportunities (UK) Acc GBP","8","GBP","8.79810","1","2023-10-30"
"2023-10-31","47518","IE0009355771","Janus Henderson Global Life Sciences A Hgd Acc USD","16","USD","43.90000","1","2023-10-30"
"2023-10-31","47532","LU0880062913","JPM Global Healthcare A Acc EUR","6","EUR","241.96000","1","2023-10-30"
"2023-10-31","47582","LU0217139020","Pictet Premium Brands P EUR","6","EUR","245.02000","1","2023-10-30"
"2023-10-31","47583","LU0280433847","Pictet Premium Brands P USD","16","USD","259.97000","1","2023-10-30"
"2023-10-31","47595","IE00B4468526","Polar Capital Global Technology R EUR","6","EUR","64.90000","1","2023-10-30"
"2023-10-31","47596","IE00B42N8Z54","Polar Capital Global Technology R GBP","8","GBP","56.54000","1","2023-10-30"
"2023-10-31","47597","IE00B433M743","Polar Capital Global Technology R USD","16","USD","68.66000","1","2023-10-30"
"2023-10-31","47599","IE00B3NM2Q33","Polar Capital Healthcare Opportunities R GBP","8","GBP","45.40000","1","2023-10-30"
"2023-10-31","47662","LU0404611757","VAM Fund A GBP","8","GBP","204.15000","1","2023-10-30"
"2023-10-31","47676","LU0102737730","Invesco Euro Ultra-Short Term Debt A Acc EUR","6","EUR","3.18167","100","2023-10-30"
"2023-10-31","47241","IE00B3VXGD32","Polar Capital Biotechnology R EUR","6","EUR","30.40000","1","2023-10-30"
"2023-10-31","47242","IE00B3XDCF51","Polar Capital Biotechnology R GBP","8","GBP","26.48000","1","2023-10-30"
"2023-10-31","47243","IE00B3XLHR60","Polar Capital Biotechnology R USD","16","USD","32.16000","1","2023-10-30"
"2023-10-31","47249","IE00BSJCJC74","Canaccord Genuity Opportunity A Acc GBP Hgd","8","GBP","1.09730","1","2023-10-30"
"2023-10-31","47259","IE00B5T1P924","GAM Star Global Balanced C Acc JPY Hgd","4","JPY","1108.90000","1","2023-10-30"
"2023-10-31","47347","LU0049014870","Aberdeen Standard Liquidity Fund (Lux) A2 USD","16","USD","34.54690","100","2023-10-30"
"2023-10-31","47397","IE00BSJCJC74","Canaccord Genuity Opportunity A Acc GBP Hgd","8","GBP","1.09730","1","2023-10-30"
"2023-10-31","47433","LU0211333025","Franklin Mutual Global Discovery A Acc EUR","6","EUR","25.86000","1","2023-10-30"
"2023-10-31","47436","LU0109391861","Franklin US Opportunities A Acc USD","16","USD","23.68000","1","2023-10-30"
"2023-10-31","47442","IE00B5VMBV77","GAM Star Global Balanced C Acc USD Hgd","16","USD","14.73880","1","2023-10-30"
"2023-10-31","47458","IE00BVYPNP33","Guinness Asian Equity Income C Acc GBP","8","GBP","16.27260","1","2023-10-30"
"2023-10-31","47461","IE00BGHQF524","Guinness Global Energy C EUR","6","EUR","10.11850","1","2023-10-30"
"2023-10-31","47466","IE00BQXX3D17","Guinness Global Innovators C Acc EUR","6","EUR","22.90760","1","2023-10-30"
"2023-10-31","47468","IE00BQXX3F31","Guinness Global Innovators C Acc USD","16","USD","19.34290","1","2023-10-30"
"2023-10-31","47483","LU0572952017","Janus Henderson Horizon Global Technology Leaders A2 Acc GBP","8","GBP","116.59000","1","2023-10-30"
"2023-10-31","47484","LU0070992663","Janus Henderson Horizon Global Technology Leaders A2 USD","16","USD","141.56000","1","2023-10-30"
"2023-10-31","47502","LU0534239909","Invesco Global Total Return (EUR) Bond A Acc","6","EUR","13.55320","1","2023-10-30"
"2023-10-31","47513","LU0972617095","Ninety One GSF Global Multi-Asset Income A Acc USD","16","USD","25.50000","1","2023-10-30"
"2023-10-31","47516","GB0031075558","Ninety One UK Smaller Companies A Acc GBP","8","GBP","39.25910","1","2023-10-30"
"2023-10-31","47517","IE0004445239","Janus Henderson US Forty A USD","16","USD","49.13000","1","2023-10-30"
"2023-10-31","47524","LU0210528500","JPM America Equity A Acc USD","16","USD","41.68000","1","2023-10-30"
"2023-10-31","47547","LU0210535976","JPM US Small Cap Growth A Acc USD","16","USD","31.65000","1","2023-10-30"
"2023-10-31","47548","LU0260085492","Jupiter European Growth L Acc EUR","6","EUR","40.87000","1","2023-10-30"
"2023-10-31","47561","LU0491817952","Matthews Asia - Asia Dividend A Acc USD","16","USD","14.74000","1","2023-10-30"
"2023-10-31","47566","LU0491815824","Matthews Asia - Pacific Tiger A Acc USD","16","USD","15.21000","1","2023-10-30"
"2023-10-31","47569","LU0219441499","MFS Meridian Global Total Return A1 USD","16","USD","35.73000","1","2023-10-30"
"2023-10-31","47577","CH0104851016","Pictet CH Precious Metals - Physical Gold P CHF","1","CHF","171.68000","1","2023-10-30"
"2023-10-31","47578","CH0104850968","Pictet CH Precious Metals - Physical Gold P EUR","6","EUR","179.34000","1","2023-10-30"
"2023-10-31","47612","LU0491680715","Schroder ISF Emerging Markets A AUD Hgd","9","AUD","121.81680","1","2023-10-30"
"2023-10-31","47623","LU0240877869","Schroder ISF Global Smaller Companies A Acc USD","16","USD","2.19722","100","2023-10-30"
"2023-10-31","47643","GB0001531424","CT European Smaller Companies Ret Acc GBP","8","GBP","8.99020","1","2023-10-30"
"2023-10-31","47660","LU0006277684","UBS (Lux) Money Market USD Sustainable P Acc","16","USD","1.91668","1000","2023-10-30"
"2023-10-31","47668","LU0069152568","UBS (Lux) Equity Fund - Biotech P Acc USD","16","USD","5.84330","100","2023-10-30"
"2023-10-31","47672","LU0090865873","Aberdeen Standard Liquidity Fund (Lux) Euro A2","6","EUR","4.45145","100","2023-10-30"
"2023-10-31","47682","LU0244354667","Schroder ISF China Opportunities A Acc USD","16","USD","3.31622","100","2023-10-30"
"2023-10-31","47690","LU0244354667","Schroder ISF China Opportunities A Acc","16","USD","3.31622","100","2023-10-30"
"2023-10-31","47691","LU0255980327","Pictet Water P USD","16","USD","4.41730","100","2023-10-30"
"2023-10-31","47706","GB00BVCX4R89","SVS Brooks Macdonald Blueprint Strategic Growth B Acc EUR Hgd","6","EUR","1.28000","1","2023-10-30"
"2023-10-31","47678","LU0078041133","Credit Suisse (Lux) Portfolio Balanced B Acc USD","16","USD","3.01380","100","2023-10-30"
"2023-10-31","47697","GB00BVCX4F67","SVS Brooks Macdonald Blueprint Cautious Growth B Acc EUR Hgd","6","EUR","1.14100","1","2023-10-30"
"2023-10-31","47746","IE00BYX7MW17","Pacific Multi-Asset Accumulator Conservative C Acc USD Hgd","16","USD","10.05100","1","2023-10-30"
"2023-10-31","47749","IE00BYX7PS85","Pacific Multi-Asset Accumulator Core C Acc USD Hgd","16","USD","10.77700","1","2023-10-30"
"2023-10-31","47751","IE00BYX7Q416","Pacific Multi-Asset Accumulator Plus C Acc GBP","8","GBP","10.86200","1","2023-10-30"
"2023-10-31","47765","IE00BJ358770","GAM Star Global Growth A Acc EUR Hgd","6","EUR","11.27850","1","2023-10-30"
"2023-10-31","47821","LU0056508442","BGF World Technology A2 Acc USD","16","USD","58.80000","1","2023-10-30"
"2023-10-31","47824","LU1775980979","Invesco Sterling Bond A Acc GBP","8","GBP","4.77720","1","2023-10-30"
"2023-10-31","47847","LU0140636845","Schroder ISF Greater China A Acc USD","16","USD","66.30860","1","2023-10-30"
"2023-10-31","47853","IE00BFY1N590","Evelyn Balanced Portfolio Retail Acc GBP","8","GBP","1.01020","1","2023-10-30"
"2023-10-31","47854","IE00BFY1ML88","Evelyn Income Portfolio Retail Acc GBP","8","GBP","0.97070","1","2023-10-30"
"2023-10-31","47856","IE00BFY1P207","Evelyn Adventurous Portfolio Retail Acc USD","16","USD","1.06670","1","2023-10-30"
"2023-10-31","47857","IE00BFY1NR16","Evelyn Growth Portfolio Retail Acc USD","16","USD","1.06860","1","2023-10-30"
"2023-10-31","47863","IE00BFY1NS23","Evelyn Growth Portfolio Retail Acc EUR","6","EUR","0.99860","1","2023-10-30"
"2023-10-31","47868","IE00BFY1NT30","Evelyn Growth Portfolio A Acc GBP","8","GBP","1.04420","1","2023-10-30"
"2023-10-31","47897","LU1116430247","Fidelity Funds Global Multi Asset Income A Acc EUR","6","EUR","13.28000","1","2023-10-30"
"2023-10-31","47898","LU1295424110","Fidelity Funds Global Multi Asset Income A Acc JPY Hgd","4","JPY","984.30000","1","2023-10-30"
"2023-10-31","47900","LU0650092850","First Eagle Amundi International AHC-C CHF","1","CHF","1.30106","1000","2023-10-30"
"2023-10-31","47902","LU0565135232","First Eagle Amundi International AHG-C GBP","8","GBP","1.51390","100","2023-10-30"
"2023-10-31","47905","LU1075211430","Invesco Pan European High Income A Acc USD Hgd","16","USD","13.94000","1","2023-10-30"
"2023-10-31","47907","LU0217576759","JPM Emerging Markets Equity A Acc EUR","6","EUR","19.82000","1","2023-10-30"
"2023-10-31","47913","GB00B1H05155","M&G Optimal Income A Acc GBP","8","GBP","2.12290","1","2023-10-30"
"2023-10-31","47917","LU0382932902","T.Rowe Price Global Growth Equity A USD","16","USD","49.86000","1","2023-10-30"
"2023-10-31","47954","LU0382932902","T.Rowe Price Global Growth Equity A USD","16","USD","49.86000","1","2023-10-30"
"2023-10-31","47964","LU1665236995","M&G (Lux) Global Listed Infrastructure A Acc USD","16","USD","12.17730","1","2023-10-30"
"2023-10-31","47965","LU1665237704","M&G (Lux) Global Listed Infrastructure A Acc EUR","6","EUR","13.50170","1","2023-10-30"
"2023-10-31","47971","IE00BG5QRV45","Guinness Multi-Asset Growth R Acc USD Hgd","16","USD","11.44350","1","2023-10-30"
"2023-10-31","47974","IE00BJQRDJ78","dVAM Global Equity Income PCP USD R1","16","USD","13.49500","1","2023-10-30"
"2023-10-31","48002","LU0853555463","Jupiter Dynamic Bond L USD Hdg Acc","16","USD","11.99000","1","2023-10-30"
"2023-10-31","48003","LU0853555380","Jupiter Dynamic Bond L EUR Acc","6","EUR","10.27000","1","2023-10-30"
"2023-10-31","48007","","T.Rowe Price Global High Yield Bond A Acc","16","USD","31.47000","1","2023-10-30"
"2023-10-31","48014","LU0171293334","BGF United Kingdom A2 USD Acc","16","USD","142.31000","1","2023-10-30"
"2023-10-31","48021","LU1074970481","Jupiter Dynamic Bond L AUD Hdg Acc","9","AUD","21.70000","1","2023-10-30"
"2023-10-31","48031","LU0690374615","Fundsmith Equity Feeder R Acc EUR","6","EUR","49.19150","1","2023-10-30"
"2023-10-31","48036","LU1438969195","T.Rowe Price US Blue Chip Equity A Acc EUR","6","EUR","23.77000","1","2023-10-30"
"2023-10-31","48037","LU0125979160","MFS Meridian US Value Fund A1 USD","16","USD","34.43000","1","2023-10-30"
"2023-10-31","48047","LU0345361124","Fidelity Funds Asia-Pacific Opportunities A Acc EUR","6","EUR","27.17000","1","2023-10-30"
"2023-10-31","48052","IE00BL1GKS19","dVAM Cautious Active PCP GBP R1","8","GBP","9.86300","1","2023-10-30"
"2023-10-31","47709","GB00B4LPDJ14","Fundsmith Equity R Acc GBP","8","GBP","5.62380","1","2023-10-30"
"2023-10-31","47715","GB00BVCX4D44","SVS Brooks Macdonald Blueprint Cautious Growth B Acc USD Hgd","16","USD","1.30000","1","2023-10-30"
"2023-10-31","47728","GB00B62WNX98","SVS Brooks Macdonald Defensive Capital B Acc GBP","8","GBP","2.13000","1","2023-10-30"
"2023-10-31","47730","GB00BDX8Y988","SVS Brooks Macdonald Blueprint Strategic Growth B Acc GBP","8","GBP","1.42000","1","2023-10-30"
"2023-10-31","47731","GB00B054QG49","SVS Brooks Macdonald Blueprint Balanced B Acc GBP","8","GBP","2.34900","1","2023-10-30"
"2023-10-31","47752","IE00BYX7Q853","Pacific Multi-Asset Accumulator Plus C Acc USD Hgd","16","USD","11.51200","1","2023-10-30"
"2023-10-31","47753","IE00BYX7QD08","Pacific Multi-Asset Accumulator Plus C Acc EUR Hgd","6","EUR","10.03600","1","2023-10-30"
"2023-10-31","47763","IE00BJ358440","GAM Star Global Cautious A Acc EUR Hgd","6","EUR","10.83410","1","2023-10-30"
"2023-10-31","47764","IE00B5VGTN75","GAM Star Global Balanced A Acc EUR Hgd","6","EUR","12.03780","1","2023-10-30"
"2023-10-31","47822","LU1775969659","Invesco Sustainable Global High Income A Inc USD","16","USD","9.61000","1","2023-10-30"
"2023-10-31","47823","LU1775980979","Invesco Sterling Bond A Acc GBP","8","GBP","4.77720","1","2023-10-30"
"2023-10-31","47828","LU1832003724","Threadneedle (Lux) Pan European ESG Equities 1G Acc GBP","8","GBP","12.25110","1","2023-10-30"
"2023-10-31","47831","LU1864952335","Threadneedle (Lux) European Smaller Companies 1E Acc EUR","6","EUR","11.31490","1","2023-10-30"
"2023-10-31","47837","GB00B8WR7L45","Fidelity Multi Asset Open Strategic A Acc GBP","8","GBP","1.58500","1","2023-10-30"
"2023-10-31","47841","LU0301634860","JPM Korea Equity A Acc USD","16","USD","12.96000","1","2023-10-30"
"2023-10-31","47845","LU0264410563","Schroder ISF Indian Equity A Acc USD","16","USD","2.64362","100","2023-10-30"
"2023-10-31","47848","LU0264410563","Schroder ISF Indian Equity A Acc USD","16","USD","2.64362","100","2023-10-30"
"2023-10-31","47852","IE00BFY1NP91","Evelyn Growth Portfolio Retail Acc GBP","8","GBP","1.04420","1","2023-10-30"
"2023-10-31","47865","IE00BFY1MP27","Evelyn Income Portfolio Retail Acc EUR","6","EUR","0.92760","1","2023-10-30"
"2023-10-31","47869","IE00BFY1N939","Evelyn Balanced Portfolio A Acc GBP","8","GBP","1.01020","1","2023-10-30"
"2023-10-31","47876","IE00BFY1P207","Evelyn Adventurous Portfolio Retail Acc USD","16","USD","1.06670","1","2023-10-30"
"2023-10-31","47877","IE00BFY1NR16","Evelyn Growth Portfolio Retail Acc USD","16","USD","1.06860","1","2023-10-30"
"2023-10-31","47886","GB00B74BQB01","Artemis Monthly Distribution R Acc GBP","8","GBP","1.00110","1","2023-10-30"
"2023-10-31","47890","LU0784385840","BGF Global Multi-Asset Income A2 USD","16","USD","13.86000","1","2023-10-30"
"2023-10-31","47893","IE00B29M2H10","BNY Mellon Long-Term Global Equity A Acc EUR","6","EUR","3.38400","1","2023-10-30"
"2023-10-31","47896","LU0261950470","Fidelity Funds Emerging Markets A Acc USD","16","USD","16.56000","1","2023-10-30"
"2023-10-31","47904","LU0243957239","Invesco Pan European High Income A Acc EUR","6","EUR","22.76000","1","2023-10-30"
"2023-10-31","47908","LU0210529656","JPM Emerging Markets Equity A Acc USD","16","USD","26.37000","1","2023-10-30"
"2023-10-31","47911","LU1670724373","M&G (Lux) Optimal Income A Acc EUR","6","EUR","9.51730","1","2023-10-30"
"2023-10-31","47963","LU1665237704","M&G (Lux) Global Listed Infrastructure A Acc EUR","6","EUR","13.50170","1","2023-10-30"
"2023-10-31","47969","IE00BG5QR703","Guinness Multi-Asset Balanced R Acc EUR Hgd","6","EUR","10.29170","1","2023-10-30"
"2023-10-31","47972","IE00BG5QRS16","Guinness Multi-Asset Growth R Acc EUR Hgd","6","EUR","10.64450","1","2023-10-30"
"2023-10-31","47990","IE00BJQRDH54","dVAM Global Equity Income PCP GBP R1","8","GBP","14.36300","1","2023-10-30"
"2023-10-31","48004","LU0853555547","Jupiter Dynamic Bond L GBP Hdg Acc","8","GBP","9.45000","1","2023-10-30"
"2023-10-31","48006","LU1074970481","Jupiter Dynamic Bond L AUD Hdg Acc","9","AUD","21.70000","1","2023-10-30"
"2023-10-31","48012","LU0011847091","BGF United Kingdom A2 Acc","8","GBP","117.21000","1","2023-10-30"
"2023-10-31","48022","LU0133082254","T.Rowe Price Global High Yield Bond A Acc","16","USD","31.47000","1","2023-10-30"
"2023-10-31","48038","LU0583241160","MFS Meridian U.S. Value Fund AH1E","6","EUR","19.84000","1","2023-10-30"
"2023-10-31","48054","IE00BL1GKR02","dVAM Cautious Active PCP EUR R1 Hdg","6","EUR","9.49400","1","2023-10-30"
"2023-10-31","48060","IE00BL1GKN63","dVAM Growth Active PCP EUR R1 Hdg","6","EUR","10.04000","1","2023-10-30"
"2023-10-31","48071","IE00BL1GKM56","dVAM Growth Active PCP USD R1 Hdg","16","USD","10.67700","1","2023-10-30"
"2023-10-31","48072","IE00BL1GKN63","dVAM Growth Active PCP EUR R1 Hdg","6","EUR","10.04000","1","2023-10-30"
"2023-10-31","48075","LU0503632795","Pictet Global Environmental Opportunities P Acc CHF","1","CHF","270.26000","1","2023-10-30"
"2023-10-31","48082","LU0124384867","BGF Sustainable Energy A2 Acc USD","16","USD","14.00000","1","2023-10-30"
"2023-10-31","48094","LU0503631714","Pictet Global Environmental Opportunities P Acc EUR","6","EUR","282.28000","1","2023-10-30"
"2023-10-31","48104","LU0557290698","Schroder ISF Global Sustainable Growth A Acc USD","16","USD","299.63970","1","2023-10-30"
"2023-10-31","48114","LU0511383332","AB Sustainable Global Thematic Portfolio A Acc EUR Hgd","6","EUR","24.81000","1","2023-10-30"
"2023-10-31","48115","LU0511384066","AB Sustainable Global Thematic Portfolio A Acc AUD Hgd","9","AUD","38.11000","1","2023-10-30"
"2023-10-31","48123","LU0717748643","Invesco China Focus Equity A Acc USD","16","USD","16.84000","1","2023-10-30"
"2023-10-31","48124","","Invesco China Equity (UK) Acc GBP","8","GBP","6.36120","1","2023-10-30"
"2023-10-31","48131","LU0955866438","Invesco Japanese Equity Advantage A Acc EUR Hdg","6","EUR","21.01000","1","2023-10-30"
"2023-10-31","48133","GB00BDV0KY38","Schroder Sterling Corporate Bond A Acc GBP","8","GBP","0.77730","1","2023-10-30"
"2023-10-31","48137","LU0717748643","Invesco China Focus Equity A Acc USD","16","USD","16.84000","1","2023-10-30"
"2023-10-31","48156","IE00BK722Z79","Evelyn Global Income Portfolio Retail Acc EUR Hgd","6","EUR","0.98170","1","2023-10-30"
"2023-10-31","48157","IE00BK723871","Evelyn Global Balanced Portfolio Retail Acc GBP Hgd","8","GBP","0.97670","1","2023-10-30"
"2023-10-31","48182","IE00BK724B75","Evelyn Global Adventurous Portfolio Retail Acc USD","16","USD","0.99960","1","2023-10-30"
"2023-10-31","48189","LU2145461757","RobecoSAM Smart Energy Equities D Acc EUR","6","EUR","44.58000","1","2023-10-30"
"2023-10-31","48190","LU2145461914","RobecoSAM Smart Energy Equities D Acc USD","16","USD","46.87000","1","2023-10-30"
"2023-10-31","48191","LU2146189407","RobecoSAM Sustainable Healthy Living Equities D Acc EUR","6","EUR","226.44000","1","2023-10-30"
"2023-10-31","48198","LU2145461674","RobecoSAM Smart Energy Equities D Acc CHF","1","CHF","41.71000","1","2023-10-30"
"2023-10-31","48202","LU2146189589","RobecoSAM Sustainable Healthy Living Equities D Acc USD","16","USD","240.87000","1","2023-10-30"
"2023-10-31","48206","LU0870266391","MFS Meridian US Corporate Bond A1 Acc USD","16","USD","11.03000","1","2023-10-30"
"2023-10-31","48213","","BGF Continental European Flexible A2 Acc EUR","6","EUR","35.95000","1","2023-10-30"
"2023-10-31","48218","LU1429558221","Loomis Sayles US Growth Equity R/A Acc USD","16","USD","2.26510","100","2023-10-30"
"2023-10-31","48272","LU1542252181","Allianz Green Bond AT Acc EUR","6","EUR","83.10000","1","2023-10-30"
"2023-10-31","48287","LU0401356422","JPM Emerging Middle East Equity A Acc EUR","6","EUR","25.98000","1","2023-10-30"
"2023-10-31","48307","LU0466842654","HSBC Islamic Global Equity Index AC USD","16","USD","20.88000","1","2023-10-30"
"2023-10-31","48319","LU0572961604","Janus Henderson Horizon Japanese Smaller Companies  A2 Acc JPY","4","JPY","9272.16000","1","2023-10-30"
"2023-10-31","48320","LU0011890265","Janus Henderson Horizon Japanese Smaller Companies A2 Acc USD","16","USD","61.68000","1","2023-10-30"
"2023-10-31","GBPGLMA1","","RL360 Global Multi-Asset Portfolio 1 GBP","8","GBP","1.01734","1","2023-10-30"
"2023-10-31","GBPGLMA4","","RL360 Global Multi-Asset Portfolio 4 GBP","8","GBP","1.14921","1","2023-10-30"
"2023-10-31","GBPUKMA4","","RL360 UK Multi-Asset Portfolio 4 GBP","8","GBP","1.10152","1","2023-10-30"
"2023-10-31","MPS2U","","RL360 Model Portfolio Solutions Balanced USD","16","USD","0.98963","1","2023-10-30"
"2023-10-31","PL000004","","BGF Global Allocation Acc EUR","6","EUR","61.49000","1","2023-10-30"
"2023-10-31","PL000007","","BNY Mellon Global Bond A USD","16","USD","1.86880","1","2023-10-30"
"2023-10-31","PL000026","","Invesco Global Total Return (EUR) Bond A Acc","6","EUR","13.54150","1","2023-10-30"
"2023-10-31","PL000028","","Ninety One UK Smaller Companies A Acc GBP","8","GBP","38.73270","1","2023-10-30"
"2023-10-31","PL000029","","JPM Global Balanced A Acc USD (Hedged)","16","USD","1.96410","100","2023-10-30"
"2023-10-31","PL000061","","First Eagle Amundi International AU-C USD","16","USD","7.94378","1000","2023-10-30"
"2023-10-31","PL000067","","Templeton Shariah Global Equity A Acc USD","16","USD","14.57000","1","2023-10-30"
"2023-10-31","PL000069","","Fidelity Funds Global Dividend A Acc USD","16","USD","21.53000","1","2023-10-30"
"2023-10-31","PL000077","","Jupiter European Growth L Acc EUR","6","EUR","40.49000","1","2023-10-30"
"2023-10-31","PL000080","","Schroder ISF US Small & Mid-Cap Equity A Acc USD","16","USD","3.69270","100","2023-10-30"
"2023-10-31","PL000093","","GAM Star Global Cautious C GBP","8","GBP","13.14090","1","2023-10-30"
"2023-10-31","PL000094","","GAM Star Global Balanced C USD","16","USD","14.74010","1","2023-10-30"
"2023-10-31","PL000122","","GAM Star Global Cautious A Acc GBP","8","GBP","12.43420","1","2023-10-30"
"2023-10-31","PL000125","","GAM Star Global Balanced A Acc USD","16","USD","13.89370","1","2023-10-30"
"2023-10-31","PL000126","","GAM Star Global Growth A Acc GBP","8","GBP","14.12160","1","2023-10-30"
"2023-10-31","PL000127","","GAM Star Global Growth A Acc USD","16","USD","14.80670","1","2023-10-30"
"2023-10-31","PL000132","","Fidelity Multi Asset Open Strategic A Acc GBP","8","GBP","1.58600","1","2023-10-30"
"2023-10-31","PL000170","","BNY Mellon Long-Term Global Equity USD A Acc","16","USD","2.26380","1","2023-10-30"
"2023-10-31","PL000174","","MFS Meridian US Corporate Bond A1 Acc USD","16","USD","11.06000","1","2023-10-30"
"2023-10-31","PL000181","","JPM Global Healthcare A Acc USD","16","USD","4.20700","100","2023-10-30"
"2023-10-31","USDGLMA4","","RL360 Global Multi-Asset Portfolio 4 USD","16","USD","1.01453","1","2023-10-30"
"2023-10-31","USDUSMA2","","RL360 US Multi-Asset Portfolio 2 USD","16","USD","1.01693","1","2023-10-30"
"2023-10-31","47167","LU0033502740","UBS (Lux) Money Market CHF Sustainable P Acc","1","CHF","1.10506","1000","2023-10-30"
"2023-10-31","47168","IE00BVYPNV92","Guinness Global Equity Income C GBP Acc","8","GBP","21.16380","1","2023-10-30"
"2023-10-31","47190","LU0056508442","BGF World Technology A2 Acc USD","16","USD","58.80000","1","2023-10-30"
"2023-10-31","47195","LU0772969993","Fidelity Funds Global Dividend A Acc USD","16","USD","21.63000","1","2023-10-30"
"2023-10-31","47196","LU0605515377","Fidelity Funds Global Dividend A Acc EUR hgd","6","EUR","24.17000","1","2023-10-30"
"2023-10-31","47198","GB00B7FQHJ97","Fidelity Global Dividend A Acc GBP","8","GBP","3.05800","1","2023-10-30"
"2023-10-31","47200","IE00BJ358333","GAM Star Global Cautious A Acc USD Hgd","16","USD","13.20650","1","2023-10-30"
"2023-10-31","47202","IE00B5NTPS12","GAM Star Global Balanced A Acc USD Hgd","16","USD","13.89270","1","2023-10-30"
"2023-10-31","47208","LU0200077294","Janus Henderson Global Equity A2 Acc GBP","8","GBP","11.18630","1","2023-10-30"
"2023-10-31","47209","LU0264739185","Janus Henderson Horizon Global Property Equities A2 Acc GBP","8","GBP","16.96000","1","2023-10-30"
"2023-10-31","47211","LU0572952280","Janus Henderson Horizon Global Technology Leaders A2 Acc EUR","6","EUR","133.38000","1","2023-10-30"
"2023-10-31","47225","LU0205193047","Schroder ISF US Small & Mid-Cap Equity A Acc USD","16","USD","3.64543","100","2023-10-30"
"2023-10-31","47232","LU0491817952","Matthews Asia - Asia Dividend A Acc USD","16","USD","14.74000","1","2023-10-30"
"2023-10-31","47240","IE00B3K7XK29","PIMCO Global Investment Grade Credit E Acc USD hgd","16","USD","16.38000","1","2023-10-30"
"2023-10-31","47244","IE00B4468526","Polar Capital Global Technology R EUR","6","EUR","64.90000","1","2023-10-30"
"2023-10-31","47245","IE00B42N8Z54","Polar Capital Global Technology R GBP","8","GBP","56.54000","1","2023-10-30"
"2023-10-31","47251","IE00B3NM2Q33","Polar Capital Healthcare Opportunities R GBP","8","GBP","45.40000","1","2023-10-30"
"2023-10-31","47252","IE00B3NLTK32","Polar Capital Healthcare Opportunities R USD","16","USD","55.14000","1","2023-10-30"
"2023-10-31","47254","LU0210528500","JPM America Equity A Acc USD","16","USD","41.68000","1","2023-10-30"
"2023-10-31","47255","LU0210533765","JPM Global Growth A Acc USD","16","USD","21.85000","1","2023-10-30"
"2023-10-31","47256","","JPM America Equity A Dist USD","16","USD","311.98000","1","2023-10-30"
"2023-10-31","47367","LU0072462426","BGF Global Allocation A2 USD","16","USD","65.08000","1","2023-10-30"
"2023-10-31","47375","LU0072463663","BGF Latin American A2 USD","16","USD","64.36000","1","2023-10-30"
"2023-10-31","47383","LU0172157280","BGF World Mining A2 EUR","6","EUR","52.90000","1","2023-10-30"
"2023-10-31","47384","LU0075056555","BGF World Mining A2 USD","16","USD","56.11000","1","2023-10-30"
"2023-10-31","47385","LU0171310443","BGF World Technology A2 Acc EUR","6","EUR","55.43000","1","2023-10-30"
"2023-10-31","47386","LU0171311680","BGF World Technology A2 Acc GBP","8","GBP","48.43000","1","2023-10-30"
"2023-10-31","47390","IE0003924739","BNY Mellon Global Bond A USD","16","USD","1.86880","1","2023-10-30"
"2023-10-31","47408","LU0286668453","Fidelity Funds Asian High Yield A USD","16","USD","12.19000","1","2023-10-30"
"2023-10-31","47417","LU0772969993","Fidelity Funds Global Dividend A Acc USD","16","USD","21.63000","1","2023-10-30"
"2023-10-31","47462","IE00B3CCJ963","Guinness Global Energy C GBP","8","GBP","12.85380","1","2023-10-30"
"2023-10-31","47463","IE00BGHQF631","Guinness Global Equity Income C EUR","6","EUR","22.95900","1","2023-10-30"
"2023-10-31","47475","LU0200077294","Janus Henderson Global Equity A2 Acc GBP","8","GBP","11.18630","1","2023-10-30"
"2023-10-31","47487","LU0088927925","Janus Henderson Horizon Pan European Property Equities A2 EUR","6","EUR","41.00000","1","2023-10-30"
"2023-10-31","47511","LU0846948197","Ninety One GSF Global Franchise A Acc EUR","6","EUR","55.04000","1","2023-10-30"
"2023-10-31","47530","LU0318931358","JPM Emerging Markets Small Cap A Acc Perf USD","16","USD","16.55000","1","2023-10-30"
"2023-10-31","47546","LU0070215933","JPM US Bond A USD","16","USD","2.17870","100","2023-10-30"
"2023-10-31","47549","LU0966834136","Jupiter European Growth L Acc USD hgd","16","USD","23.71000","1","2023-10-30"
"2023-10-31","47564","LU1220257304","Matthews Asia - Japan A Acc USD","16","USD","13.11000","1","2023-10-30"
"2023-10-31","23069","LU0075056555","BGF World Mining A2 USD","16","USD","56.11000","1","2023-10-30"
"2023-10-31","23074","LU0236177068","BGF Global Allocation A2 Hedged GBP","8","GBP","31.65000","1","2023-10-30"
"2023-10-31","26011","IE0000835953","Barings Developed & Emerging Markets High Yield Bond G Dist USD","16","USD","7.03000","1","2023-10-30"
"2023-10-31","26013","","Barings Global Emerging Markets A Inc GBP","8","GBP","29.77000","1","2023-10-30"
"2023-10-31","27023","","BNY Mellon Asian Opportunities A Acc USD","16","USD","3.71120","1","2023-10-30"
"2023-10-31","27025","IE0003924739","BNY Mellon Global Bond A Acc USD","16","USD","1.86880","1","2023-10-30"
"2023-10-31","27051","IE0003921727","BNY Mellon Global Bond A EUR","6","EUR","1.57950","1","2023-10-30"
"2023-10-31","28011","LU0201071890","Janus Henderson Continental European A2 Acc EUR","6","EUR","14.30780","1","2023-10-30"
"2023-10-31","28062","LU0200076999","Janus Henderson Global Equity A2 Acc USD","16","USD","16.70700","1","2023-10-30"
"2023-10-31","30101","","Franklin Mutual U.S. Value A Acc USD","16","USD","88.24000","1","2023-10-30"
"2023-10-31","30102","","Franklin U.S. Government A MDis USD","16","USD","6.79000","1","2023-10-30"
"2023-10-31","30151","LU0211331839","Franklin Mutual Global Discovery A Acc USD","16","USD","22.70000","1","2023-10-30"
"2023-10-31","34059","LU0078040838","Credit Suisse (Lux) Portfolio Balanced B Acc CHF","1","CHF","192.01000","1","2023-10-30"
"2023-10-31","34060","LU0078041992","Credit Suisse (Lux) Portfolio Growth B Acc CHF","1","CHF","205.98000","1","2023-10-30"
"2023-10-31","34068","LU0091100973","Credit Suisse (Lux) Portfolio Balanced B Acc EUR","6","EUR","184.64000","1","2023-10-30"
"2023-10-31","36052","LU0219418836","MFS Meridian Global Total Return A1 EUR","6","EUR","23.17000","1","2023-10-30"
"2023-10-31","41008","IE00B5Q4WK41","Natixis Loomis Sayles Multisector Income RE USD","16","USD","14.17000","1","2023-10-30"
"2023-10-31","41206","LU0088927925","Janus Henderson Horizon Pan European Property Equities A2 EUR","6","EUR","41.00000","1","2023-10-30"
"2023-10-31","41301","IE0004445239","Janus Henderson US Forty A USD","16","USD","49.13000","1","2023-10-30"
"2023-10-31","42000","IE00BMF77083","DWS Noor Precious Metals Securities LC USD","16","USD","0.56000","1","2023-10-30"
"2023-10-31","46019","CH0104851016","Pictet CH Precious Metals - Physical Gold P CHF","1","CHF","171.68000","1","2023-10-30"
"2023-10-31","47010","LU0594300096","Fidelity Funds China Consumer A Acc EUR","6","EUR","18.09000","1","2023-10-30"
"2023-10-31","47012","LU0303823156","Fidelity Funds Emerging Europe Middle East & Africa A Acc USD","16","USD","9.81600","1","2023-10-30"
"2023-10-31","47029","","Invesco UK Opportunities (UK) Acc GBP","8","GBP","8.79810","1","2023-10-30"
"2023-10-31","47031","IE00B83NGC51","GAM Star Global Cautious C Acc USD Hgd","16","USD","13.77970","1","2023-10-30"
"2023-10-31","47032","IE00B7S9HV77","GAM Star Global Cautious C Acc GBP","8","GBP","13.14120","1","2023-10-30"
"2023-10-31","47036","IE00B8FMPT07","GAM Star Global Growth C Acc USD Hgd","16","USD","16.54100","1","2023-10-30"
"2023-10-31","47050","LU0651986738","Momentum Glb Fds Harmony Ptf US Dollar Growth C","16","USD","1.61180","1","2023-10-30"
"2023-10-31","47067","IE00B5YJD424","GAM Star Global Balanced C Acc CHF Hgd","1","CHF","11.14140","1","2023-10-30"
"2023-10-31","47072","IE00B3BRDK12","Canaccord Genuity Opportunity A Acc USD","16","USD","2.30360","1","2023-10-30"
"2023-10-31","47087","IE00B2Q91V27","Guinness Global Energy C USD","16","USD","8.47980","1","2023-10-30"
"2023-10-31","47102","LU0109391861","Franklin US Opportunities A Acc USD","16","USD","23.68000","1","2023-10-30"
"2023-10-31","47103","LU0536403206","Franklin US Opportunities A H1 Acc CHF","1","CHF","27.99000","1","2023-10-30"
"2023-10-31","47112","","CT UK Mid 250 Net R Acc GBP","8","GBP","2.04720","1","2023-10-30"
"2023-10-31","47116","LU0955866271","Invesco Global Total Return (EUR) Bond A Acc CHF Hgd","1","CHF","10.60380","1","2023-10-30"
"2023-10-31","47122","IE0002122038","Janus Henderson Global Life Sciences A Hgd Acc EUR","6","EUR","36.83000","1","2023-10-30"
"2023-10-31","47138","LU0159032522","JPM Global Growth A Acc EUR","6","EUR","182.53000","1","2023-10-30"
"2023-10-31","47161","LU0070212591","JPM Global Balanced A EUR","6","EUR","1.87459","1000","2023-10-30"
"2023-10-31","47163","LU0049015760","Aberdeen Standard Liquidity (Lux) GBP A2 Acc","8","GBP","50.73738","100","2023-10-30"
"2023-10-31","47565","LU0594555590","Matthews Asia - Pacific Tiger A Acc GBP","8","GBP","19.68000","1","2023-10-30"
"2023-10-31","47592","IE00B3VXGD32","Polar Capital Biotechnology R EUR","6","EUR","30.40000","1","2023-10-30"
"2023-10-31","47594","IE00B3XLHR60","Polar Capital Biotechnology R USD","16","USD","32.16000","1","2023-10-30"
"2023-10-31","47620","LU0491681010","Schroder ISF Global Equity A AUD Hdg","9","AUD","270.16590","1","2023-10-30"
"2023-10-31","47640","LU0792757196","Templeton Shariah Global Equity A Acc USD","16","USD","14.68000","1","2023-10-30"
"2023-10-31","47663","LU0297699406","VAM Fund A USD","16","USD","135.37000","1","2023-10-30"
"2023-10-31","47667","LU0090865873","Aberdeen Standard Liquidity (Lux) EUR A2 Acc","6","EUR","4.45145","100","2023-10-30"
"2023-10-31","47688","LU0104884860","Pictet Water P EUR","6","EUR","4.16450","100","2023-10-30"
"2023-10-31","47693","LU0432979614","JPM Global Healthcare A Acc USD","16","USD","4.17300","100","2023-10-30"
"2023-10-31","47700","GB00BVCX4N42","SVS Brooks Macdonald Defensive Capital B Acc EUR Hgd","6","EUR","1.06700","1","2023-10-30"
"2023-10-31","47725","GB00B4LPDJ14","Fundsmith Equity R Acc GBP","8","GBP","5.62380","1","2023-10-30"
"2023-10-31","47745","IE00BYX7MR63","Pacific Multi-Asset Accumulator Conservative C Acc GBP","8","GBP","9.51000","1","2023-10-30"
"2023-10-31","47747","IE00BYX7N066","Pacific Multi-Asset Accumulator Conservative C Acc EUR Hgd","6","EUR","8.78200","1","2023-10-30"
"2023-10-31","47748","IE00BYX7PN31","Pacific Multi-Asset Accumulator Core C Acc GBP","8","GBP","10.18000","1","2023-10-30"
"2023-10-31","47777","IE00B5W69V40","GAM Star Global Balanced A Acc CHF Hgd","1","CHF","10.64670","1","2023-10-30"
"2023-10-31","47825","LU1775980979","Invesco Sterling Bond A Acc GBP","8","GBP","4.77720","1","2023-10-30"
"2023-10-31","47826","LU1832003567","Threadneedle (Lux) Pan European ESG Equities 1E Acc EUR","6","EUR","12.61770","1","2023-10-30"
"2023-10-31","47829","LU1832003724","Threadneedle (Lux) Pan European ESG Equities 1G Acc GBP","8","GBP","12.25110","1","2023-10-30"
"2023-10-31","47832","LU1864952335","Threadneedle (Lux) European Smaller Companies 1E Acc EUR","6","EUR","11.31490","1","2023-10-30"
"2023-10-31","47839","LU1864957219","Threadneedle (Lux) Global Select 1U Acc USD","16","USD","3.86250","1","2023-10-30"
"2023-10-31","47851","IE00BFY1P082","Evelyn Adventurous Portfolio Retail Acc GBP","8","GBP","1.04000","1","2023-10-30"
"2023-10-31","47861","IE00BFY1P314","Evelyn Adventurous Portfolio Retail Acc EUR","6","EUR","0.99320","1","2023-10-30"
"2023-10-31","47866","IE00BFY1P421","Evelyn Adventurous Portfolio A Acc GBP","8","GBP","1.04000","1","2023-10-30"
"2023-10-31","47870","IE00BFY1MQ34","Evelyn Income Portfolio A Acc GBP","8","GBP","0.97070","1","2023-10-30"
"2023-10-31","47871","IE00BFY1P082","Evelyn Adventurous Portfolio Retail Acc GBP","8","GBP","1.04000","1","2023-10-30"
"2023-10-31","47887","LU0171275786","BGF Emerging Markets A2 Acc EUR","6","EUR","32.05000","1","2023-10-30"
"2023-10-31","47903","LU1097691346","Invesco Pan European High Income A Acc CHF Hgd","1","CHF","11.37000","1","2023-10-30"
"2023-10-31","47943","LU0210529656","JPM Emerging Markets Equity A Acc USD","16","USD","26.37000","1","2023-10-30"
"2023-10-31","47957","LU1224710803","Fidelity Funds Thailand A Acc USD","16","USD","8.60000","1","2023-10-30"
"2023-10-31","47966","LU1665236995","M&G (Lux) Global Listed Infrastructure A Acc USD","16","USD","12.17730","1","2023-10-30"
"2023-10-31","47968","IE00BG5QR927","Guinness Multi-Asset Balanced R Acc USD Hgd","16","USD","11.05840","1","2023-10-30"
"2023-10-31","47970","IE00BG5QRQ91","Guinness Multi-Asset Growth R Acc GBP","8","GBP","12.39190","1","2023-10-30"
"2023-10-31","47989","IE00BG5QRS16","Guinness Multi-Asset Growth R Acc EUR Hgd","6","EUR","10.64450","1","2023-10-30"
"2023-10-31","47991","IE00BJQRDJ78","dVAM Global Equity Income PCP USD R1","16","USD","13.49500","1","2023-10-30"
"2023-10-31","48005","LU0853555620","Jupiter Dynamic Bond L CHF Hdg Acc","1","CHF","9.62000","1","2023-10-30"
"2023-10-31","48007","LU0133082254","T.Rowe Price Global High Yield Bond A Acc","16","USD","31.47000","1","2023-10-30"
"2023-10-31","48008","LU0165850685","T.Rowe Price Global High Yield Bond A EUR Hdg Acc","6","EUR","22.73000","1","2023-10-30"
"2023-10-31","48013","LU0171293177","BGF United Kingdom A2 EUR Acc","6","EUR","134.17000","1","2023-10-30"
"2023-10-31","48017","LU0853555463","Jupiter Dynamic Bond L USD Hdg Acc","16","USD","11.99000","1","2023-10-30"
"2023-10-31","48019","LU0853555547","Jupiter Dynamic Bond L GBP Hdg Acc","8","GBP","9.45000","1","2023-10-30"
"2023-10-31","48032","LU0690374615","Fundsmith Equity Feeder R Acc EUR","6","EUR","49.19150","1","2023-10-30"
"2023-10-31","48051","IE00BK6V5343","dVAM Global Equity Income PCP EUR R1","6","EUR","13.17100","1","2023-10-30"
"2023-10-31","48056","IE00BL1GKH04","dVAM Balanced Active PCP USD R1 Hdg","16","USD","10.38600","1","2023-10-30"
"2023-10-31","48057","IE00BL1GKJ28","dVAM Balanced Active PCP EUR R1 Hdg","6","EUR","9.79000","1","2023-10-30"
"2023-10-31","48058","IE00BL1GKP87","dVAM Growth Active PCP GBP R1","8","GBP","10.43200","1","2023-10-30"
"2023-10-31","48069","IE00BL1GKJ28","dVAM Balanced Active PCP EUR R1 Hdg","6","EUR","9.79000","1","2023-10-30"
"2023-10-31","48076","LU1939255532","Ninety One GSF Global Environment Fund A Acc USD","16","USD","27.46000","1","2023-10-30"
"2023-10-31","48077","LU1939256001","Ninety One GSF Global Environment Fund A Acc EUR","6","EUR","29.38000","1","2023-10-30"
"2023-10-31","48103","LU0171289902","BGF Sustainable Energy A2 Acc EUR","6","EUR","13.20000","1","2023-10-30"
"2023-10-31","48106","LU0069063385","AB Sustainable Global Thematic Portfolio A Acc USD","16","USD","33.94000","1","2023-10-30"
"2023-10-31","48119","LU0511384066","AB Sustainable Global Thematic Portfolio A Acc AUD Hgd","9","AUD","38.11000","1","2023-10-30"
"2023-10-31","48120","LU0592692320","AB Sustainable Global Thematic Portfolio A Acc GBP","8","GBP","27.89000","1","2023-10-30"
"2023-10-31","48129","LU0607514717","Invesco Japanese Equity Advantage A Acc JPY","4","JPY","6482.00000","1","2023-10-30"
"2023-10-31","48138","GB0033028332","Invesco China Equity (UK) Acc GBP","8","GBP","6.36120","1","2023-10-30"
"2023-10-31","48153","IE00BK722X55","Evelyn Global Income Portfolio Retail Acc GBP Hgd","8","GBP","1.01630","1","2023-10-30"
"2023-10-31","48158","IE00BK723B01","Evelyn Global Balanced Portfolio Retail Acc USD","16","USD","1.00170","1","2023-10-30"
"2023-10-31","48187","LU2145459009","RobecoSAM Global Gender Equality Equities D Acc USD","16","USD","126.53000","1","2023-10-30"
"2023-10-31","48188","LU2145461674","RobecoSAM Smart Energy Equities D Acc CHF","1","CHF","41.71000","1","2023-10-30"
"2023-10-31","48199","LU2145461757","RobecoSAM Smart Energy Equities D Acc EUR","6","EUR","44.58000","1","2023-10-30"
"2023-10-31","48220","LU0477156797","Harris Associates Global Equity RE/A Acc USD","16","USD","1.89540","100","2023-10-30"
"2023-10-31","48240","MT7000010583","Libero Nexus Global Dynamic Portfolio A EUR","6","EUR","1.34721","100","2023-10-30"
"2023-10-31","48242","MT7000007704","Libero Nexus Global Solutions Portfolio A Acc USD","16","USD","1.21273","100","2023-10-30"
"2023-10-31","48243","MT7000007696","Libero Nexus Global Solutions Portfolio A Acc EUR","6","EUR","1.08395","100","2023-10-30"
"2023-10-31","48244","IE00BG5QR810","Guinness Multi-Asset Balanced R Acc USD","16","USD","11.32890","1","2023-10-30"
"2023-10-31","48259","IE00BN7HSV15","dVAM Global Equity Focus Strategy PCP D1 GBP Acc","8","GBP","10.88200","1","2023-10-30"
"2023-10-31","48261","IE00BN7HSW22","dVAM Global Equity Focus Strategy PCP D1 EUR Acc","6","EUR","11.01000","1","2023-10-30"
"2023-10-31","48270","LU1811861357","RobecoSAM Global SDG Credits DH Acc EUR","6","EUR","92.14000","1","2023-10-30"
"2023-10-31","48286","LU0210527791","JPM Asia Pacific Income A Acc USD","16","USD","22.45000","1","2023-10-30"
"2023-10-31","48289","LU0210527791","JPM Asia Pacific Income A Acc USD","16","USD","22.45000","1","2023-10-30"
"2023-10-31","48303","IE00BFY1PD10","Evelyn Maximum Growth Portfolio Retail Acc GBP","8","GBP","1.02150","1","2023-10-30"
"2023-10-31","48305","LU0106259046","Schroder ISF Latin American A Acc USD","16","USD","42.61170","1","2023-10-30"
"2023-10-31","48306","LU0248181363","Schroder ISF Latin American A Acc EUR","6","EUR","39.91100","1","2023-10-30"
"2023-10-31","48314","LU0702159772","Fidelity Funds Asian Smaller Companies A Acc EUR","6","EUR","33.39000","1","2023-10-30"
"2023-10-31","48315","LU0264738294","Janus Henderson Horizon Global Property Equities A2 Acc EUR","6","EUR","19.54000","1","2023-10-30"
"2023-10-31","48318","LU1572378708","Janus Henderson Horizon Japanese Smaller Companies A2 Acc EUR Hdg","6","EUR","75.34000","1","2023-10-30"
"2023-10-31","GBPGLMA3","","RL360 Global Multi-Asset Portfolio 3 GBP","8","GBP","1.06424","1","2023-10-30"
"2023-10-31","HPI02","","Danish Bond Fund - Isle of Man","7","DKK","36.17000","1","2023-10-30"
"2023-10-31","MPS3U","","RL360 Model Portfolio Solutions Growth USD","16","USD","0.98061","1","2023-10-30"
"2023-10-31","PL000005","","BGF Global Allocation A2 Acc USD","16","USD","65.03000","1","2023-10-30"
"2023-10-31","PL000009","","BNY Mellon Sustainable Global Equity A (USD)","16","USD","2.79760","1","2023-10-30"
"2023-10-31","PL000017","","Franklin US Opportunities A Acc USD","16","USD","23.38000","1","2023-10-30"
"2023-10-31","PL000021","","Janus Henderson Global Equity A2 Acc USD","16","USD","16.55070","1","2023-10-30"
"2023-10-31","PL000025","","Invesco Global Equity Income A Acc EUR Hgd","6","EUR","17.78000","1","2023-10-30"
"2023-10-31","PL000030","","JPM US Bond A Acc USD","16","USD","2.18160","100","2023-10-30"
"2023-10-31","PL000036","","MFS Meridian Global Total Return A1 USD","16","USD","35.48000","1","2023-10-30"
"2023-10-31","PL000037","","Natixis Loomis Sayles Multisector Income RE USD","16","USD","14.17000","1","2023-10-30"
"2023-10-31","PL000062","","JPM Global Balanced A EUR","6","EUR","1.87565","1000","2023-10-30"
"2023-10-31","PL000071","","Fidelity Funds Global Dividend A Acc EUR","6","EUR","15.21000","1","2023-10-30"
"2023-10-31","PL000078","","Jupiter European Growth L Acc USD hgd","16","USD","23.48000","1","2023-10-30"
"2023-10-31","PL000092","","GAM Star Global Cautious C USD","16","USD","13.77950","1","2023-10-30"
"2023-10-31","PL000095","","GAM Star Global Balanced C GBP","8","GBP","13.99520","1","2023-10-30"
"2023-10-31","PL000117","","SVS Brooks Macdonald Blueprint Balanced B Acc GBP","8","GBP","2.35100","1","2023-10-30"
"2023-10-31","PL000158","","Credit Suisse Portfolio (Lux) Balanced B USD","16","USD","3.00820","100","2023-10-30"
"2023-10-31","PL000171","","BNY Mellon Long-Term Glbl Eq GBP A Acc","8","GBP","3.47410","1","2023-10-30"
"2023-10-31","USDGLMA1","","RL360 Global Multi-Asset Portfolio 1 USD","16","USD","0.98457","1","2023-10-30"
"2023-10-31","USDGLMA2","","RL360 Global Multi-Asset Portfolio 2 USD","16","USD","0.96064","1","2023-10-30"
"2023-10-31","47164","LU0049014870","Aberdeen Standard Liquidity (Lux) USD A2 Acc","16","USD","34.54690","100","2023-10-30"
"2023-10-31","47165","LU0066649970","UBS (Lux) Money Market AUD Sustainable P Acc","9","AUD","2.44824","1000","2023-10-30"
"2023-10-31","47166","","UBS (Lux) Money Market USD Sustainable P Acc.","16","USD","1.91668","1000","2023-10-30"
"2023-10-31","47204","IE00BJ358663","GAM Star Global Growth A Acc USD Hgd","16","USD","14.80530","1","2023-10-30"
"2023-10-31","47206","IE00BVYPNP33","Guinness Asian Equity Income C Acc GBP","8","GBP","16.27260","1","2023-10-30"
"2023-10-31","47207","IE00BVYPNQ40","Guinness Asian Equity Income C Acc USD","16","USD","13.22210","1","2023-10-30"
"2023-10-31","47212","LU0892275776","Janus Henderson Horizon Global Technology Leaders A2 Acc CHF hgd","1","CHF","2.46550","100","2023-10-30"
"2023-10-31","47213","","Invesco UK Smaller Companies Equity (UK) Acc GBP","8","GBP","11.56860","1","2023-10-30"
"2023-10-31","47213","GB0033030528","Invesco UK Smaller Companies Equity (UK) Acc GBP","8","GBP","11.56860","1","2023-10-30"
"2023-10-31","47215","LU0426412945","Ninety One GSF Global Franchise A Acc USD","16","USD","70.89000","1","2023-10-30"
"2023-10-31","47221","LU0260085492","Jupiter European Growth L Acc EUR","6","EUR","40.87000","1","2023-10-30"
"2023-10-31","47224","LU0248178732","Schroder ISF US Small & Mid-Cap Equity A Acc EUR","6","EUR","3.41555","100","2023-10-30"
"2023-10-31","47231","LU0594556309","Matthews Asia - Asia Dividend A Acc GBP","8","GBP","18.35000","1","2023-10-30"
"2023-10-31","47238","IE00B3SL5777","PIMCO Global Investment Grade Credit E Acc CHF hgd","1","CHF","9.50000","1","2023-10-30"
"2023-10-31","47239","IE00B11XZ434","PIMCO Global Investment Grade Credit E Acc EUR hgd","6","EUR","14.16000","1","2023-10-30"
"2023-10-31","47246","IE00B433M743","Polar Capital Global Technology R USD","16","USD","68.66000","1","2023-10-30"
"2023-10-31","47247","LU0918140210","T.Rowe Price US Smaller Companies Equity A EUR","6","EUR","30.72000","1","2023-10-30"
"2023-10-31","47253","LU0468326631","BGF Global Allocation A2 Acc AUD Hdg","9","AUD","18.12000","1","2023-10-30"
"2023-10-31","47381","LU0171305526","BGF World Gold A2 EUR","6","EUR","30.14000","1","2023-10-30"
"2023-10-31","47382","LU0055631609","BGF World Gold A2 USD","16","USD","31.97000","1","2023-10-30"
"2023-10-31","47410","LU0594300096","Fidelity Funds China Consumer A Acc EUR","6","EUR","18.09000","1","2023-10-30"
"2023-10-31","47411","LU0594300179","Fidelity Funds China Consumer A Acc USD","16","USD","14.02000","1","2023-10-30"
"2023-10-31","47424","GB00B7FQHJ97","Fidelity Global Dividend A Acc GBP","8","GBP","3.05800","1","2023-10-30"
"2023-10-31","47432","LU0231203729","Franklin India A Acc USD","16","USD","53.91000","1","2023-10-30"
"2023-10-31","47434","LU0211331839","Franklin Mutual Global Discovery A Acc USD","16","USD","22.70000","1","2023-10-30"
"2023-10-31","47451","IE00B8FMPT07","GAM Star Global Growth C Acc USD Hgd","16","USD","16.54100","1","2023-10-30"
"2023-10-31","47457","IE00BGHQDM52","Guinness Asian Equity Income C Acc EUR","6","EUR","19.00800","1","2023-10-30"
"2023-10-31","47465","IE00BVYPNW00","Guinness Global Equity Income C USD Acc","16","USD","17.19900","1","2023-10-30"
"2023-10-31","47467","IE00BQXX3C00","Guinness Global Innovators C Acc GBP","8","GBP","25.48070","1","2023-10-30"
"2023-10-31","47471","LU0651986738","Momentum Glb Fds Harmony Ptf US Dollar Growth C","16","USD","1.61180","1","2023-10-30"
"2023-10-31","47480","LU0209137388","Janus Henderson Horizon Global Property Equities A2 USD","16","USD","20.58000","1","2023-10-30"
"2023-10-31","47486","LU0264597617","Janus Henderson Horizon Pan European Absolute Return A2 EUR","6","EUR","16.91000","1","2023-10-30"
"2023-10-31","47512","LU0426412945","Ninety One GSF Global Franchise A Acc USD","16","USD","70.89000","1","2023-10-30"
"2023-10-31","47527","LU0441851309","JPM ASEAN Equity A Acc USD","16","USD","21.59000","1","2023-10-30"
"2023-10-31","47535","LU0266512127","JPM Global Natural Resources A Acc USD","16","USD","13.04000","1","2023-10-30"
"2023-10-31","47567","LU0219418836","MFS Meridian Global Total Return A1 EUR","6","EUR","23.17000","1","2023-10-30"
"2023-10-31","47579","CH0104850497","Pictet CH Precious Metals - Physical Gold P USD","16","USD","190.23000","1","2023-10-30"
"2023-10-31","47585","LU0340559557","Pictet Timber P EUR","6","EUR","194.89000","1","2023-10-30"
"2023-10-31","48039","LU0345361124","Fidelity Funds Asia-Pacific Opportunities A Acc EUR","6","EUR","27.17000","1","2023-10-30"
"2023-10-31","48040","LU2008162690","Fidelity Funds Asia Pacific Opportunities Fund AA USD","16","USD","12.23000","1","2023-10-30"
"2023-10-31","48059","IE00BL1GKM56","dVAM Growth Active PCP USD R1 Hdg","16","USD","10.67700","1","2023-10-30"
"2023-10-31","48084","LU0557290698","Schroder ISF Global Sustainable Growth A Acc USD","16","USD","299.63970","1","2023-10-30"
"2023-10-31","48086","LU0069063385","AB Sustainable Global Thematic Portfolio A Acc USD","16","USD","33.94000","1","2023-10-30"
"2023-10-31","48091","GB0030833650","CT Responsible Global Equity 1 Acc GBP","8","GBP","7.40100","1","2023-10-30"
"2023-10-31","48093","LU0503632282","Pictet Global Environmental Opportunities P Acc USD","16","USD","299.45000","1","2023-10-30"
"2023-10-31","48096","LU1939255532","Ninety One GSF Global Environment Fund A Acc USD","16","USD","27.46000","1","2023-10-30"
"2023-10-31","48124","GB0033028332","Invesco China Equity (UK) Acc GBP","8","GBP","6.36120","1","2023-10-30"
"2023-10-31","48130","LU2068251110","Invesco Japanese Equity Advantage A Acc EUR","6","EUR","9.79000","1","2023-10-30"
"2023-10-31","48132","LU0955866602","Invesco Japanese Equity Advantage A Acc CHF Hdg","1","CHF","20.04000","1","2023-10-30"
"2023-10-31","48162","IE00BK724176","Evelyn Global Growth Portfolio Retail Acc USD","16","USD","1.01130","1","2023-10-30"
"2023-10-31","48164","IE00BK724069","Evelyn Global Growth Portfolio Retail Acc EUR Hgd","6","EUR","0.95250","1","2023-10-30"
"2023-10-31","48165","IE00BK724846","Evelyn Global Adventurous Portfolio Retail Acc GBP Hgd","8","GBP","0.97120","1","2023-10-30"
"2023-10-31","48166","IE00BK724B75","Evelyn Global Adventurous Portfolio Retail Acc USD","16","USD","0.99960","1","2023-10-30"
"2023-10-31","48168","IE00BK724952","Evelyn Global Adventurous Portfolio Retail Acc EUR Hgd","6","EUR","0.93970","1","2023-10-30"
"2023-10-31","48186","LU2145458969","RobecoSAM Global Gender Equality Equities D Acc EUR","6","EUR","188.02000","1","2023-10-30"
"2023-10-31","48195","LU2146191130","RobecoSAM Sustainable Water Equities D Acc USD","16","USD","437.32000","1","2023-10-30"
"2023-10-31","48197","LU2145459009","RobecoSAM Global Gender Equality Equities D Acc USD","16","USD","126.53000","1","2023-10-30"
"2023-10-31","48205","LU2146191130","RobecoSAM Sustainable Water Equities D Acc USD","16","USD","437.32000","1","2023-10-30"
"2023-10-31","48207","LU0870266805","MFS Meridian US Corporate Bond A1 Acc EUR Hgd","6","EUR","9.31000","1","2023-10-30"
"2023-10-31","48208","LU0125948108","MFS Meridian Emerging Markets Debt A1 Acc USD","16","USD","35.53000","1","2023-10-30"
"2023-10-31","48213","LU0224105477","BGF Continental European Flexible A2 Acc EUR","6","EUR","35.95000","1","2023-10-30"
"2023-10-31","48214","","BGF Continental European Flexible A2 Acc USD","16","USD","38.14000","1","2023-10-30"
"2023-10-31","48214","LU0769137737","BGF Continental European Flexible A2 Acc USD","16","USD","38.14000","1","2023-10-30"
"2023-10-31","48216","LU0094557526","MFS Meridian European Research A1 Acc EUR","6","EUR","42.96000","1","2023-10-30"
"2023-10-31","48221","IE00B3BRDM36","Canaccord Genuity Balanced A Acc USD","16","USD","1.53170","1","2023-10-30"
"2023-10-31","48222","IE00B3BRDJ07","Canaccord Genuity Growth A Acc USD","16","USD","1.74200","1","2023-10-30"
"2023-10-31","48233","LU0769137737","BGF Continental European Flexible A2 Acc USD","16","USD","38.14000","1","2023-10-30"
"2023-10-31","48237","IE0008368742","FSSA China Growth I Acc USD","16","USD","1.57287","100","2023-10-30"
"2023-10-31","48241","MT7000007688","Libero Nexus Global Solutions Portfolio A Acc GBP","8","GBP","1.24290","100","2023-10-30"
"2023-10-31","48255","LU1429559385","Loomis Sayles Global Growth Equity R/A USD","16","USD","1.80180","100","2023-10-30"
"2023-10-31","48267","LU0093503497","BGF ESG Multi-Asset A2 Acc EUR","6","EUR","16.83000","1","2023-10-30"
"2023-10-31","48273","LU1896600654","Allianz Green Bond AT H2 Acc USD","16","USD","9.24830","1","2023-10-30"
"2023-10-31","48274","LU0985320562","Nordea 1 Global Stars Equity BP Acc USD","16","USD","181.67860","1","2023-10-30"
"2023-10-31","48292","","CT Responsible UK Equity 1 Acc GBP","8","GBP","14.70000","1","2023-10-30"
"2023-10-31","48292","GB0030833981","CT Responsible UK Equity 1 Acc GBP","8","GBP","14.70000","1","2023-10-30"
"2023-10-31","48295","IE00B11XZ210","PIMCO GIS Global Bond E Acc USD","16","USD","27.16000","1","2023-10-30"
"2023-10-31","48297","GB0030833981","CT Responsible UK Equity 1 Acc GBP","8","GBP","14.70000","1","2023-10-30"
"2023-10-31","48301","LU0358729142","Schroder ISF Asian Local Currency Bond A Acc USD","16","USD","131.11850","1","2023-10-30"
"2023-10-31","48312","LU2425482564","Aditum HCM Multi Asset Moderate C Acc GBP","8","GBP","95.32950","1","2023-10-30"
"2023-10-31","48325","LU0011890265","Janus Henderson Horizon Japanese Smaller Companies A2 Acc USD","16","USD","61.68000","1","2023-10-30"
"2023-10-31","48329","LU2549520950","JPM Emerging Europe Equity II A Acc EUR","6","EUR","6.35000","1","2023-10-30"
"2023-10-31","48332","IE0000805634","Barings Eastern Europe A Inc USD","16","USD","34.24000","1","2023-10-30"
"2023-10-31","GBPUKMA1","","RL360 UK Multi-Asset Portfolio 1 GBP","8","GBP","1.01447","1","2023-10-30"
"2023-10-31","GBPUKMA3","","RL360 UK Multi-Asset Portfolio 3 GBP","8","GBP","1.03439","1","2023-10-30"
"2023-10-31","H001A","","Danish Money Fund - Guernsey","7","DKK","7.54000","1","2023-10-30"
"2023-10-31","MPS1U","","RL360 Model Portfolio Solutions Conservative USD","16","USD","0.99436","1","2023-10-30"
"2023-10-31","PL000015","","Franklin Mutual Global Discovery A Acc USD","16","USD","22.42000","1","2023-10-30"
"2023-10-31","PL000020","","Janus Henderson Global Equity A2 Acc EUR","6","EUR","22.18040","1","2023-10-30"
"2023-10-31","PL000024","","Invesco Global Equity Income A Acc USD","16","USD","89.99000","1","2023-10-30"
"2023-10-31","PL000043","","Schroder ISF Asian Bond Total Return A Acc USD","16","USD","14.81480","1","2023-10-30"
"2023-10-31","PL000065","","Franklin Global Sukuk A Acc USD","16","USD","12.00000","1","2023-10-30"
"2023-10-31","PL000072","","Fidelity Global Dividend A Acc GBP","8","GBP","3.06000","1","2023-10-30"
"2023-10-31","PL000085","","Matthews Asia - Asia Dividend A Acc USD","16","USD","14.69000","1","2023-10-30"
"2023-10-31","PL000087","","PIMCO Global Investment Grade Credit E Acc USD","16","USD","16.40000","1","2023-10-30"
"2023-10-31","PL000097","","GAM Star Global Growth C USD","16","USD","16.54300","1","2023-10-30"
"2023-10-31","PL000103","","SVS Brooks Macdonald Blueprint Balanced B Acc USD","16","USD","1.41800","1","2023-10-30"
"2023-10-31","PL000123","","GAM Star Global Cautious A Acc USD","16","USD","13.20600","1","2023-10-30"
"2023-10-31","PL000124","","GAM Star Global Balanced A Acc GBP","8","GBP","12.88640","1","2023-10-30"
"2023-10-31","PL000187","","Schroder ISF Asian Local Currency Bond A Acc USD","16","USD","130.69390","1","2023-10-30"
"2023-10-31","USDGLMA3","","RL360 Global Multi-Asset Portfolio 3 USD","16","USD","0.98536","1","2023-10-30"
"2023-10-31","47591","IE00B3K7XK29","PIMCO Global Investment Grade Credit E Acc USD hgd","16","USD","16.38000","1","2023-10-30"
"2023-10-31","47593","IE00B3XDCF51","Polar Capital Biotechnology R GBP","8","GBP","26.48000","1","2023-10-30"
"2023-10-31","47598","IE00B3NLSS43","Polar Capital Healthcare Opportunities R EUR","6","EUR","52.12000","1","2023-10-30"
"2023-10-31","47600","IE00B3NLTK32","Polar Capital Healthcare Opportunities R USD","16","USD","55.14000","1","2023-10-30"
"2023-10-31","47604","GB00B2Q8L643","Sarasin Food & Agriculture Opportunities A Acc GBP","8","GBP","1.74900","1","2023-10-30"
"2023-10-31","47632","LU0133096635","T.Rowe Price US Smaller Companies Equity A USD","16","USD","64.22000","1","2023-10-30"
"2023-10-31","47661","LU0404614934","VAM Fund A EUR","6","EUR","186.51000","1","2023-10-30"
"2023-10-31","47676","","Invesco Euro Ultra-Short Term Debt A Acc EUR","6","EUR","3.18167","100","2023-10-30"
"2023-10-31","47679","LU0078042453","Credit Suisse (Lux) Portfolio Growth B Acc USD","16","USD","3.00870","100","2023-10-30"
"2023-10-31","47680","LU0104884860","Pictet Water P EUR","6","EUR","4.16450","100","2023-10-30"
"2023-10-31","47683","LU0255980327","Pictet Water P USD","16","USD","4.41730","100","2023-10-30"
"2023-10-31","47685","LU0432979614","JPM Global Healthcare A Acc USD","16","USD","4.17300","100","2023-10-30"
"2023-10-31","47694","GB00BVCX4B20","SVS Brooks Macdonald Blueprint Balanced B Acc EUR Hgd","6","EUR","1.21100","1","2023-10-30"
"2023-10-31","47696","GB00BVCX4909","SVS Brooks Macdonald Blueprint Balanced B Acc USD Hgd","16","USD","1.41700","1","2023-10-30"
"2023-10-31","47699","GB00BVCX4D44","SVS Brooks Macdonald Blueprint Cautious Growth B Acc USD Hgd","16","USD","1.30000","1","2023-10-30"
"2023-10-31","47702","GB00BVCX4M35","SVS Brooks Macdonald Defensive Capital B Acc USD Hgd","16","USD","1.23800","1","2023-10-30"
"2023-10-31","47708","GB00BVCX4Q72","SVS Brooks Macdonald Blueprint Strategic Growth B Acc USD Hgd","16","USD","1.53400","1","2023-10-30"
"2023-10-31","47726","GB00B054QG49","SVS Brooks Macdonald Blueprint Balanced B Acc GBP","8","GBP","2.34900","1","2023-10-30"
"2023-10-31","47727","GB00B5W8NJ69","SVS Brooks Macdonald Blueprint Cautious Growth B Acc GBP","8","GBP","1.56600","1","2023-10-30"
"2023-10-31","47750","IE00BYX7Q077","Pacific Multi-Asset Accumulator Core C Acc EUR Hgd","6","EUR","9.41200","1","2023-10-30"
"2023-10-31","47766","IE00BDD9NV60","GAM Star Global Growth A Acc CHF Hgd","1","CHF","12.71640","1","2023-10-30"
"2023-10-31","47773","IE00BJ358440","GAM Star Global Cautious A Acc EUR Hgd","6","EUR","10.83410","1","2023-10-30"
"2023-10-31","47809","GB0033029413","Invesco Money (UK) Acc GBP","8","GBP","0.95110","1","2023-10-30"
"2023-10-31","47820","LU1775949628","Invesco Asian Equity A Acc USD","16","USD","10.87000","1","2023-10-30"
"2023-10-31","47830","LU0200077294","Janus Henderson Global Equity A2 Acc GBP","8","GBP","11.18630","1","2023-10-30"
"2023-10-31","47842","LU0301637293","JPM Korea Equity A Acc EUR","6","EUR","12.22000","1","2023-10-30"
"2023-10-31","47858","IE00BFY1N715","Evelyn Balanced Portfolio Retail Acc USD","16","USD","1.03280","1","2023-10-30"
"2023-10-31","47859","IE00BFY1MN03","Evelyn Income Portfolio Retail Acc USD","16","USD","0.99340","1","2023-10-30"
"2023-10-31","47864","IE00BFY1N822","Evelyn Balanced Portfolio Retail Acc EUR","6","EUR","0.96510","1","2023-10-30"
"2023-10-31","47888","LU0047713382","BGF Emerging Markets A2 Acc USD","16","USD","34.05000","1","2023-10-30"
"2023-10-31","47889","LU1162516477","BGF Global Multi Asset Income A2 EUR","6","EUR","13.06000","1","2023-10-30"
"2023-10-31","47891","IE00B29M2J34","BNY Mellon Long-Term Global Equity A Acc USD","16","USD","2.25360","1","2023-10-30"
"2023-10-31","47892","IE00B42QQV61","BNY Mellon Long-Term Global Equity A Acc GBP","8","GBP","3.45920","1","2023-10-30"
"2023-10-31","47894","GB00B1GJ9N38","BNY Mellon Multi-Asset Diversified Return Acc GBP","8","GBP","2.31050","1","2023-10-30"
"2023-10-31","47895","LU1048684796","Fidelity Funds Emerging Markets A Acc EUR","6","EUR","14.01000","1","2023-10-30"
"2023-10-31","47899","LU0905233846","Fidelity Funds Global Multi Asset Income A Acc USD","16","USD","11.89000","1","2023-10-30"
"2023-10-31","47910","LU1670723722","M&G (Lux) Optimal Income A  Acc CHF Hgd","1","CHF","9.24430","1","2023-10-30"
"2023-10-31","47912","LU1670725347","M&G (Lux) Optimal Income A Acc USD Hgd","16","USD","10.58570","1","2023-10-30"
"2023-10-31","47967","IE00BG5QR588","Guinness Multi-Asset Balanced R Acc GBP","8","GBP","11.84130","1","2023-10-30"
"2023-10-31","47973","IE00BJQRDH54","dVAM Global Equity Income PCP GBP R1","8","GBP","14.36300","1","2023-10-30"
"2023-10-31","47987","IE00BG5QRQ91","Guinness Multi-Asset Growth R Acc GBP","8","GBP","12.39190","1","2023-10-30"
"2023-10-31","47988","IE00BG5QRV45","Guinness Multi-Asset Growth R Acc USD Hgd","16","USD","11.44350","1","2023-10-30"
"2023-10-31","48035","LU0133085943","T.Rowe Price US Blue Chip Equity A Acc USD","16","USD","69.47000","1","2023-10-30"
"2023-10-31","48053","IE00BL1GKQ94","dVAM Cautious Active PCP USD R1 Hdg","16","USD","10.06400","1","2023-10-30"
"2023-10-31","48055","IE00BL1GKK33","dVAM Balanced Active PCP GBP R1","8","GBP","10.16300","1","2023-10-30"
"2023-10-31","48065","IE00BL1GKQ94","dVAM Cautious Active PCP USD R1 Hdg","16","USD","10.06400","1","2023-10-30"
"2023-10-31","48066","IE00BL1GKR02","dVAM Cautious Active PCP EUR R1 Hdg","6","EUR","9.49400","1","2023-10-30"
"2023-10-31","48068","IE00BL1GKH04","dVAM Balanced Active PCP USD R1 Hdg","16","USD","10.38600","1","2023-10-30"
"2023-10-31","48073","LU0503632282","Pictet Global Environmental Opportunities P Acc USD","16","USD","299.45000","1","2023-10-30"
"2023-10-31","48074","LU0503631714","Pictet Global Environmental Opportunities P Acc EUR","6","EUR","282.28000","1","2023-10-30"
"2023-10-31","48078","LU0323239441","HSBC GIF Global Equity Climate Change AC Acc USD","16","USD","10.52700","1","2023-10-30"
"2023-10-31","48083","LU0171289902","BGF Sustainable Energy A2 Acc EUR","6","EUR","13.20000","1","2023-10-30"
"2023-10-31","48085","LU0557291076","Schroder ISF Global Sustainable Growth A Acc EUR Hdg","6","EUR","242.32640","1","2023-10-30"
"2023-10-31","48102","LU0124384867","BGF Sustainable Energy A2 Acc USD","16","USD","14.00000","1","2023-10-30"
"2023-10-31","48113","LU0252218267","AB Sustainable Global Thematic Portfolio A Acc EUR","6","EUR","31.96000","1","2023-10-30"
"2023-10-31","48116","LU0592692320","AB Sustainable Global Thematic Portfolio A Acc GBP","8","GBP","27.89000","1","2023-10-30"
"2023-10-31","48154","IE00BK723095","Evelyn Global Income Portfolio Retail Acc USD","16","USD","1.03860","1","2023-10-30"
"2023-10-31","48160","IE00BK723988","Evelyn Global Balanced Portfolio Retail Acc EUR Hgd","6","EUR","0.94540","1","2023-10-30"
"2023-10-31","48161","IE00BK723Z45","Evelyn Global Growth Portfolio Retail Acc GBP Hgd","8","GBP","0.98440","1","2023-10-30"
"2023-10-31","48179","IE00BK724176","Evelyn Global Growth Portfolio Retail Acc USD","16","USD","1.01130","1","2023-10-30"
"2023-10-31","48192","LU2146189589","RobecoSAM Sustainable Healthy Living Equities D Acc USD","16","USD","240.87000","1","2023-10-30"
"2023-10-31","48193","LU2146190751","RobecoSAM Sustainable Water Equities D Acc CHF","1","CHF","401.65000","1","2023-10-30"
"2023-10-31","48194","LU2146190835","RobecoSAM Sustainable Water Equities D Acc EUR","6","EUR","424.35000","1","2023-10-30"
"2023-10-31","48200","LU2145461914","RobecoSAM Smart Energy Equities D Acc USD","16","USD","46.87000","1","2023-10-30"
"2023-10-31","48209","LU0219422606","MFS Meridian Emerging Markets Debt A1 Acc EUR","6","EUR","22.58000","1","2023-10-30"
"2023-10-31","48210","LU0219432159","MFS Meridian Emerging Markets Debt A1 Acc GBP","8","GBP","10.80000","1","2023-10-30"
"2023-10-31","48215","LU1196525536","BGF Continental European Flexible A2 Acc USD Hgd","16","USD","20.52000","1","2023-10-30"
"2023-10-31","48217","LU0219440335","MFS Meridian European Research A1 Acc USD","16","USD","26.54000","1","2023-10-30"
"2023-10-31","48219","LU0971087654","Emirates Emerging Market Debt G Acc USD","16","USD","8.81650","1","2023-10-30"
"2023-10-31","48223","IE0008368742","FSSA China Growth I Acc USD","16","USD","1.57287","100","2023-10-30"
"2023-10-31","48245","IE00BG5QRT23","Guinness Multi-Asset Growth R Acc USD","16","USD","11.85510","1","2023-10-30"
"2023-10-31","48246","IE00BG5QR810","Guinness Multi-Asset Balanced R Acc USD","16","USD","11.32890","1","2023-10-30"
"2023-10-31","48248","LU1934327195","Invesco Japanese Equity Advantage A Acc USD Hgd","16","USD","15.20000","1","2023-10-30"
"2023-10-31","48249","LU1934327195","Invesco Japanese Equity Advantage A Acc USD Hgd","16","USD","15.20000","1","2023-10-30"
"2023-10-31","48260","IE00BN7HSX39","dVAM Global Equity Focus Strategy PCP D1 Acc USD","16","USD","9.79300","1","2023-10-30"
"2023-10-31","48268","LU0494093205","BGF ESG Multi-Asset A2 Acc USD Hedged","16","USD","45.89000","1","2023-10-30"
"2023-10-31","48269","GB0031833402","Janus Henderson Global Responsible Managed A Acc GBP","8","GBP","2.53300","1","2023-10-30"
"2023-10-31","48271","LU1811861605","RobecoSAM Global SDG Credits DH Acc USD","16","USD","102.85000","1","2023-10-30"
"2023-10-31","48275","LU0985320059","Nordea 1 Global Stars Equity BP Acc EUR","6","EUR","171.27370","1","2023-10-30"
"2023-10-31","48277","LU0494093205","BGF ESG Multi-Asset A2 Acc USD Hedged","16","USD","45.89000","1","2023-10-30"
"2023-10-31","48285","GB0001529782","CT UK R Inc GBP","8","GBP","1.26400","1","2023-10-30"
"2023-10-31","48288","LU0210535208","JPM Emerging Middle East Equity A Acc USD","16","USD","28.88000","1","2023-10-30"
"2023-10-31","48296","LU2412151214","Aditum Global Discovery C Acc USD","16","USD","97.11140","1","2023-10-30"
"2023-10-31","48302","LU0871640552","Schroder ISF Asian Local Currency Bond Fund A Acc EUR","6","EUR","130.18420","1","2023-10-30"
"2023-10-31","48304","IE00BFY1PH57","Evelyn Maximum Growth Portfolio Retail Acc EUR Hgd","6","EUR","0.97790","1","2023-10-30"
"2023-10-31","48311","LU2425482481","Aditum HCM Multi Asset Moderate C Acc USD","16","USD","99.57330","1","2023-10-30"
"2023-10-31","48313","LU0702159699","Fidelity Funds Asian Smaller Companies A Acc USD","16","USD","26.46000","1","2023-10-30"
"2023-10-31","48317","LU0011890265","Janus Henderson Horizon Japanese Smaller Companies A2 Acc USD","16","USD","61.68000","1","2023-10-30"
"2023-10-31","LEGEUR","","EUR Cash Fund","6","EUR","1.00076","1","2023-10-30"
"2023-10-31","LEGGBP","","GBP Cash Fund","8","GBP","1.04324","1","2023-10-30"
"2023-10-31","LEGUSD","","USD Cash Fund","16","USD","1.07908","1","2023-10-30"
"2023-10-31","PL000002","","BGF Asian Tiger Bond A2 USD","16","USD","35.80000","1","2023-10-30"
"2023-10-31","PL000006","","BNY Mellon Global Bond A EUR","6","EUR","1.57950","1","2023-10-30"
"2023-10-31","PL000035","","MFS Meridian Global Total Return A1 GBP","8","GBP","14.06000","1","2023-10-30"
"2023-10-31","PL000068","","UBS (Lux) Money Market USD Sustainable P Acc","16","USD","1.91585","1000","2023-10-30"
"2023-10-31","PL000074","","Invesco UK Smaller Comp Equity (UK) A Acc GBP","8","GBP","11.43420","1","2023-10-30"
"2023-10-31","PL000098","","GAM Star Global Growth C GBP","8","GBP","15.69500","1","2023-10-30"
"2023-10-31","PL000116","","Fundsmith Equity R Acc GBP","8","GBP","5.59710","1","2023-10-30"
"2023-10-31","PL000119","","SVS Brooks Macdonald Defensive Capital B Acc GBP","8","GBP","2.12700","1","2023-10-30"
"2023-10-31","PL000131","","Invesco Sterling Bond A Acc GBP","8","GBP","4.77680","1","2023-10-30"
"2023-10-31","PL000150","","Jupiter Dynamic Bond L USD Hdg Acc","16","USD","12.00000","1","2023-10-30"
"2023-10-31","PL000151","","Jupiter Dynamic Bond L EUR Acc","6","EUR","10.28000","1","2023-10-30"
"2023-10-31","PL000155","","T Rowe Price Global High Yield Bond A Acc","16","USD","31.45000","1","2023-10-30"
"2023-10-31","PL000185","","Aberdeen Standard Liquidity (Lux) USD A2 Acc","16","USD","34.53997","100","2023-10-30"
"2023-10-31","USDUSMA1","","RL360 US Multi-Asset Portfolio 1 USD","16","USD","1.01475","1","2023-10-30"
"2023-10-31","USDUSMA4","","RL360 US Multi-Asset Portfolio 4 USD","16","USD","1.12430","1","2023-10-30"
